{"providers":[{"type":"bitmap","file":"happyhud:font/assets/lcorp/pet_health_bg.png","height":22,"ascent":-112500,"chars":[""]},{"type":"bitmap","file":"happyhud:font/assets/lcorp/heart_outline.png","height":9,"ascent":-113500,"chars":[""]},{"type":"bitmap","file":"happyhud:font/assets/lcorp/pet_heart_icon.png","height":7,"ascent":-114500,"chars":[""]},{"type":"bitmap","file":"happyhud:font/assets/lcorp/o2_bg.png","height":22,"ascent":-117500,"chars":[""]},{"type":"bitmap","file":"happyhud:font/assets/lcorp/o2_icon.png","height":9,"ascent":-118500,"chars":[""]},{"type":"bitmap","file":"happyhud:font/assets/lcorp/balance_bg.png","height":22,"ascent":-121500,"chars":[""]},{"type":"bitmap","file":"happyhud:font/assets/lcorp/money_icon.png","height":16,"ascent":-122500,"chars":[""]},{"type":"bitmap","file":"happyhud:font/assets/lcorp/bar_text_bg.png","height":11,"ascent":-125500,"chars":[""]},{"type":"bitmap","file":"happyhud:font/assets/lcorp/energy_bar.png","height":8,"ascent":-128500,"chars":[""]},{"type":"bitmap","file":"happyhud:font/assets/lcorp/energy_bar_fill/horizontal/28/1.png","height":8,"ascent":-129500,"chars":[""]},{"type":"bitmap","file":"happyhud:font/assets/lcorp/energy_bar_fill/horizontal/28/2.png","height":8,"ascent":-129500,"chars":[""]},{"type":"bitmap","file":"happyhud:font/assets/lcorp/energy_bar_fill/horizontal/28/3.png","height":8,"ascent":-129500,"chars":[""]},{"type":"bitmap","file":"happyhud:font/assets/lcorp/energy_bar_fill/horizontal/28/4.png","height":8,"ascent":-129500,"chars":[""]},{"type":"bitmap","file":"happyhud:font/assets/lcorp/energy_bar_fill/horizontal/28/5.png","height":8,"ascent":-129500,"chars":[""]},{"type":"bitmap","file":"happyhud:font/assets/lcorp/energy_bar_fill/horizontal/28/6.png","height":8,"ascent":-129500,"chars":[""]},{"type":"bitmap","file":"happyhud:font/assets/lcorp/energy_bar_fill/horizontal/28/7.png","height":8,"ascent":-129500,"chars":[""]},{"type":"bitmap","file":"happyhud:font/assets/lcorp/energy_bar_fill/horizontal/28/8.png","height":8,"ascent":-129500,"chars":[""]},{"type":"bitmap","file":"happyhud:font/assets/lcorp/energy_bar_fill/horizontal/28/9.png","height":8,"ascent":-129500,"chars":[""]},{"type":"bitmap","file":"happyhud:font/assets/lcorp/energy_bar_fill/horizontal/28/10.png","height":8,"ascent":-129500,"chars":[""]},{"type":"bitmap","file":"happyhud:font/assets/lcorp/energy_bar_fill/horizontal/28/11.png","height":8,"ascent":-129500,"chars":[""]},{"type":"bitmap","file":"happyhud:font/assets/lcorp/energy_bar_fill/horizontal/28/12.png","height":8,"ascent":-129500,"chars":[""]},{"type":"bitmap","file":"happyhud:font/assets/lcorp/energy_bar_fill/horizontal/28/13.png","height":8,"ascent":-129500,"chars":[""]},{"type":"bitmap","file":"happyhud:font/assets/lcorp/energy_bar_fill/horizontal/28/14.png","height":8,"ascent":-129500,"chars":[""]},{"type":"bitmap","file":"happyhud:font/assets/lcorp/energy_bar_fill/horizontal/28/15.png","height":8,"ascent":-129500,"chars":[""]},{"type":"bitmap","file":"happyhud:font/assets/lcorp/energy_bar_fill/horizontal/28/16.png","height":8,"ascent":-129500,"chars":[""]},{"type":"bitmap","file":"happyhud:font/assets/lcorp/energy_bar_fill/horizontal/28/17.png","height":8,"ascent":-129500,"chars":[""]},{"type":"bitmap","file":"happyhud:font/assets/lcorp/energy_bar_fill/horizontal/28/18.png","height":8,"ascent":-129500,"chars":[""]},{"type":"bitmap","file":"happyhud:font/assets/lcorp/energy_bar_fill/horizontal/28/19.png","height":8,"ascent":-129500,"chars":[""]},{"type":"bitmap","file":"happyhud:font/assets/lcorp/energy_bar_fill/horizontal/28/20.png","height":8,"ascent":-129500,"chars":[""]},{"type":"bitmap","file":"happyhud:font/assets/lcorp/energy_bar_fill/horizontal/28/21.png","height":8,"ascent":-129500,"chars":[""]},{"type":"bitmap","file":"happyhud:font/assets/lcorp/energy_bar_fill/horizontal/28/22.png","height":8,"ascent":-129500,"chars":[""]},{"type":"bitmap","file":"happyhud:font/assets/lcorp/energy_bar_fill/horizontal/28/23.png","height":8,"ascent":-129500,"chars":[""]},{"type":"bitmap","file":"happyhud:font/assets/lcorp/energy_bar_fill/horizontal/28/24.png","height":8,"ascent":-129500,"chars":[""]},{"type":"bitmap","file":"happyhud:font/assets/lcorp/energy_bar_fill/horizontal/28/25.png","height":8,"ascent":-129500,"chars":[""]},{"type":"bitmap","file":"happyhud:font/assets/lcorp/energy_bar_fill/horizontal/28/26.png","height":8,"ascent":-129500,"chars":[""]},{"type":"bitmap","file":"happyhud:font/assets/lcorp/energy_bar_fill/horizontal/28/27.png","height":8,"ascent":-129500,"chars":[""]},{"type":"bitmap","file":"happyhud:font/assets/lcorp/energy_bar_fill/horizontal/28/28.png","height":8,"ascent":-129500,"chars":[""]},{"type":"bitmap","file":"happyhud:font/assets/lcorp/energy_icon.png","height":9,"ascent":-130500,"chars":[""]},{"type":"bitmap","file":"happyhud:font/assets/lcorp/bar_text_bg.png","height":11,"ascent":-131500,"chars":[""]},{"type":"bitmap","file":"happyhud:font/assets/lcorp/food_bar.png","height":8,"ascent":-134500,"chars":[""]},{"type":"bitmap","file":"happyhud:font/assets/lcorp/food_bar_fill/horizontal/reversed/28/1.png","height":8,"ascent":-135500,"chars":[""]},{"type":"bitmap","file":"happyhud:font/assets/lcorp/food_bar_fill/horizontal/reversed/28/2.png","height":8,"ascent":-136500,"chars":[""]},{"type":"bitmap","file":"happyhud:font/assets/lcorp/food_bar_fill/horizontal/reversed/28/3.png","height":8,"ascent":-137500,"chars":[""]},{"type":"bitmap","file":"happyhud:font/assets/lcorp/food_bar_fill/horizontal/reversed/28/4.png","height":8,"ascent":-138500,"chars":[""]},{"type":"bitmap","file":"happyhud:font/assets/lcorp/food_bar_fill/horizontal/reversed/28/5.png","height":8,"ascent":-139500,"chars":[""]},{"type":"bitmap","file":"happyhud:font/assets/lcorp/food_bar_fill/horizontal/reversed/28/6.png","height":8,"ascent":-140500,"chars":[""]},{"type":"bitmap","file":"happyhud:font/assets/lcorp/food_bar_fill/horizontal/reversed/28/7.png","height":8,"ascent":-141500,"chars":[""]},{"type":"bitmap","file":"happyhud:font/assets/lcorp/food_bar_fill/horizontal/reversed/28/8.png","height":8,"ascent":-142500,"chars":[""]},{"type":"bitmap","file":"happyhud:font/assets/lcorp/food_bar_fill/horizontal/reversed/28/9.png","height":8,"ascent":-143500,"chars":[""]},{"type":"bitmap","file":"happyhud:font/assets/lcorp/food_bar_fill/horizontal/reversed/28/10.png","height":8,"ascent":-144500,"chars":[""]},{"type":"bitmap","file":"happyhud:font/assets/lcorp/food_bar_fill/horizontal/reversed/28/11.png","height":8,"ascent":-145500,"chars":[""]},{"type":"bitmap","file":"happyhud:font/assets/lcorp/food_bar_fill/horizontal/reversed/28/12.png","height":8,"ascent":-146500,"chars":[""]},{"type":"bitmap","file":"happyhud:font/assets/lcorp/food_bar_fill/horizontal/reversed/28/13.png","height":8,"ascent":-147500,"chars":[""]},{"type":"bitmap","file":"happyhud:font/assets/lcorp/food_bar_fill/horizontal/reversed/28/14.png","height":8,"ascent":-148500,"chars":[""]},{"type":"bitmap","file":"happyhud:font/assets/lcorp/food_bar_fill/horizontal/reversed/28/15.png","height":8,"ascent":-149500,"chars":[""]},{"type":"bitmap","file":"happyhud:font/assets/lcorp/food_bar_fill/horizontal/reversed/28/16.png","height":8,"ascent":-150500,"chars":[""]},{"type":"bitmap","file":"happyhud:font/assets/lcorp/food_bar_fill/horizontal/reversed/28/17.png","height":8,"ascent":-151500,"chars":[""]},{"type":"bitmap","file":"happyhud:font/assets/lcorp/food_bar_fill/horizontal/reversed/28/18.png","height":8,"ascent":-152500,"chars":[""]},{"type":"bitmap","file":"happyhud:font/assets/lcorp/food_bar_fill/horizontal/reversed/28/19.png","height":8,"ascent":-153500,"chars":[""]},{"type":"bitmap","file":"happyhud:font/assets/lcorp/food_bar_fill/horizontal/reversed/28/20.png","height":8,"ascent":-154500,"chars":[""]},{"type":"bitmap","file":"happyhud:font/assets/lcorp/food_bar_fill/horizontal/reversed/28/21.png","height":8,"ascent":-155500,"chars":[""]},{"type":"bitmap","file":"happyhud:font/assets/lcorp/food_bar_fill/horizontal/reversed/28/22.png","height":8,"ascent":-156500,"chars":[""]},{"type":"bitmap","file":"happyhud:font/assets/lcorp/food_bar_fill/horizontal/reversed/28/23.png","height":8,"ascent":-157500,"chars":[""]},{"type":"bitmap","file":"happyhud:font/assets/lcorp/food_bar_fill/horizontal/reversed/28/24.png","height":8,"ascent":-158500,"chars":[""]},{"type":"bitmap","file":"happyhud:font/assets/lcorp/food_bar_fill/horizontal/reversed/28/25.png","height":8,"ascent":-159500,"chars":[""]},{"type":"bitmap","file":"happyhud:font/assets/lcorp/food_bar_fill/horizontal/reversed/28/26.png","height":8,"ascent":-160500,"chars":[""]},{"type":"bitmap","file":"happyhud:font/assets/lcorp/food_bar_fill/horizontal/reversed/28/27.png","height":8,"ascent":-161500,"chars":[""]},{"type":"bitmap","file":"happyhud:font/assets/lcorp/food_bar_fill/horizontal/reversed/28/28.png","height":8,"ascent":-162500,"chars":[""]},{"type":"bitmap","file":"happyhud:font/assets/lcorp/food_icon.png","height":9,"ascent":-163500,"chars":[""]},{"type":"bitmap","file":"happyhud:font/assets/lcorp/food_icon_hunger.png","height":9,"ascent":-163500,"chars":[""]},{"type":"bitmap","file":"happyhud:font/assets/lcorp/bar_text_bg.png","height":11,"ascent":-164500,"chars":[""]},{"type":"bitmap","file":"happyhud:font/assets/lcorp/health_bar_green.png","height":8,"ascent":-167500,"chars":[""]},{"type":"bitmap","file":"happyhud:font/assets/lcorp/health_bar_red.png","height":8,"ascent":-167500,"chars":[""]},{"type":"bitmap","file":"happyhud:font/assets/lcorp/health_bar_yellow.png","height":8,"ascent":-167500,"chars":[""]},{"type":"bitmap","file":"happyhud:font/assets/lcorp/health_bar_red_fill/horizontal/28/1.png","height":8,"ascent":-168500,"chars":[""]},{"type":"bitmap","file":"happyhud:font/assets/lcorp/health_bar_red_fill/horizontal/28/2.png","height":8,"ascent":-168500,"chars":[""]},{"type":"bitmap","file":"happyhud:font/assets/lcorp/health_bar_red_fill/horizontal/28/3.png","height":8,"ascent":-168500,"chars":[""]},{"type":"bitmap","file":"happyhud:font/assets/lcorp/health_bar_red_fill/horizontal/28/4.png","height":8,"ascent":-168500,"chars":[""]},{"type":"bitmap","file":"happyhud:font/assets/lcorp/health_bar_red_fill/horizontal/28/5.png","height":8,"ascent":-168500,"chars":[""]},{"type":"bitmap","file":"happyhud:font/assets/lcorp/health_bar_red_fill/horizontal/28/6.png","height":8,"ascent":-168500,"chars":[""]},{"type":"bitmap","file":"happyhud:font/assets/lcorp/health_bar_red_fill/horizontal/28/7.png","height":8,"ascent":-168500,"chars":[""]},{"type":"bitmap","file":"happyhud:font/assets/lcorp/health_bar_red_fill/horizontal/28/8.png","height":8,"ascent":-168500,"chars":[""]},{"type":"bitmap","file":"happyhud:font/assets/lcorp/health_bar_red_fill/horizontal/28/9.png","height":8,"ascent":-168500,"chars":[""]},{"type":"bitmap","file":"happyhud:font/assets/lcorp/health_bar_red_fill/horizontal/28/10.png","height":8,"ascent":-168500,"chars":[""]},{"type":"bitmap","file":"happyhud:font/assets/lcorp/health_bar_red_fill/horizontal/28/11.png","height":8,"ascent":-168500,"chars":[""]},{"type":"bitmap","file":"happyhud:font/assets/lcorp/health_bar_red_fill/horizontal/28/12.png","height":8,"ascent":-168500,"chars":[""]},{"type":"bitmap","file":"happyhud:font/assets/lcorp/health_bar_red_fill/horizontal/28/13.png","height":8,"ascent":-168500,"chars":[""]},{"type":"bitmap","file":"happyhud:font/assets/lcorp/health_bar_red_fill/horizontal/28/14.png","height":8,"ascent":-168500,"chars":[""]},{"type":"bitmap","file":"happyhud:font/assets/lcorp/health_bar_red_fill/horizontal/28/15.png","height":8,"ascent":-168500,"chars":[""]},{"type":"bitmap","file":"happyhud:font/assets/lcorp/health_bar_red_fill/horizontal/28/16.png","height":8,"ascent":-168500,"chars":[""]},{"type":"bitmap","file":"happyhud:font/assets/lcorp/health_bar_red_fill/horizontal/28/17.png","height":8,"ascent":-168500,"chars":[""]},{"type":"bitmap","file":"happyhud:font/assets/lcorp/health_bar_red_fill/horizontal/28/18.png","height":8,"ascent":-168500,"chars":[""]},{"type":"bitmap","file":"happyhud:font/assets/lcorp/health_bar_red_fill/horizontal/28/19.png","height":8,"ascent":-168500,"chars":[""]},{"type":"bitmap","file":"happyhud:font/assets/lcorp/health_bar_red_fill/horizontal/28/20.png","height":8,"ascent":-168500,"chars":[""]},{"type":"bitmap","file":"happyhud:font/assets/lcorp/health_bar_red_fill/horizontal/28/21.png","height":8,"ascent":-168500,"chars":[""]},{"type":"bitmap","file":"happyhud:font/assets/lcorp/health_bar_red_fill/horizontal/28/22.png","height":8,"ascent":-168500,"chars":[""]},{"type":"bitmap","file":"happyhud:font/assets/lcorp/health_bar_red_fill/horizontal/28/23.png","height":8,"ascent":-168500,"chars":[""]},{"type":"bitmap","file":"happyhud:font/assets/lcorp/health_bar_red_fill/horizontal/28/24.png","height":8,"ascent":-168500,"chars":[""]},{"type":"bitmap","file":"happyhud:font/assets/lcorp/health_bar_red_fill/horizontal/28/25.png","height":8,"ascent":-168500,"chars":[""]},{"type":"bitmap","file":"happyhud:font/assets/lcorp/health_bar_red_fill/horizontal/28/26.png","height":8,"ascent":-168500,"chars":[""]},{"type":"bitmap","file":"happyhud:font/assets/lcorp/health_bar_red_fill/horizontal/28/27.png","height":8,"ascent":-168500,"chars":[""]},{"type":"bitmap","file":"happyhud:font/assets/lcorp/health_bar_red_fill/horizontal/28/28.png","height":8,"ascent":-168500,"chars":[""]},{"type":"bitmap","file":"happyhud:font/assets/lcorp/health_bar_green_fill/horizontal/28/1.png","height":8,"ascent":-168500,"chars":[""]},{"type":"bitmap","file":"happyhud:font/assets/lcorp/health_bar_green_fill/horizontal/28/2.png","height":8,"ascent":-168500,"chars":[""]},{"type":"bitmap","file":"happyhud:font/assets/lcorp/health_bar_green_fill/horizontal/28/3.png","height":8,"ascent":-168500,"chars":[""]},{"type":"bitmap","file":"happyhud:font/assets/lcorp/health_bar_green_fill/horizontal/28/4.png","height":8,"ascent":-168500,"chars":[""]},{"type":"bitmap","file":"happyhud:font/assets/lcorp/health_bar_green_fill/horizontal/28/5.png","height":8,"ascent":-168500,"chars":[""]},{"type":"bitmap","file":"happyhud:font/assets/lcorp/health_bar_green_fill/horizontal/28/6.png","height":8,"ascent":-168500,"chars":[""]},{"type":"bitmap","file":"happyhud:font/assets/lcorp/health_bar_green_fill/horizontal/28/7.png","height":8,"ascent":-168500,"chars":[""]},{"type":"bitmap","file":"happyhud:font/assets/lcorp/health_bar_green_fill/horizontal/28/8.png","height":8,"ascent":-168500,"chars":[""]},{"type":"bitmap","file":"happyhud:font/assets/lcorp/health_bar_green_fill/horizontal/28/9.png","height":8,"ascent":-168500,"chars":[""]},{"type":"bitmap","file":"happyhud:font/assets/lcorp/health_bar_green_fill/horizontal/28/10.png","height":8,"ascent":-168500,"chars":[""]},{"type":"bitmap","file":"happyhud:font/assets/lcorp/health_bar_green_fill/horizontal/28/11.png","height":8,"ascent":-168500,"chars":[""]},{"type":"bitmap","file":"happyhud:font/assets/lcorp/health_bar_green_fill/horizontal/28/12.png","height":8,"ascent":-168500,"chars":[""]},{"type":"bitmap","file":"happyhud:font/assets/lcorp/health_bar_green_fill/horizontal/28/13.png","height":8,"ascent":-168500,"chars":[""]},{"type":"bitmap","file":"happyhud:font/assets/lcorp/health_bar_green_fill/horizontal/28/14.png","height":8,"ascent":-168500,"chars":[""]},{"type":"bitmap","file":"happyhud:font/assets/lcorp/health_bar_green_fill/horizontal/28/15.png","height":8,"ascent":-168500,"chars":[""]},{"type":"bitmap","file":"happyhud:font/assets/lcorp/health_bar_green_fill/horizontal/28/16.png","height":8,"ascent":-168500,"chars":[""]},{"type":"bitmap","file":"happyhud:font/assets/lcorp/health_bar_green_fill/horizontal/28/17.png","height":8,"ascent":-168500,"chars":[""]},{"type":"bitmap","file":"happyhud:font/assets/lcorp/health_bar_green_fill/horizontal/28/18.png","height":8,"ascent":-168500,"chars":[""]},{"type":"bitmap","file":"happyhud:font/assets/lcorp/health_bar_green_fill/horizontal/28/19.png","height":8,"ascent":-168500,"chars":[""]},{"type":"bitmap","file":"happyhud:font/assets/lcorp/health_bar_green_fill/horizontal/28/20.png","height":8,"ascent":-168500,"chars":[""]},{"type":"bitmap","file":"happyhud:font/assets/lcorp/health_bar_green_fill/horizontal/28/21.png","height":8,"ascent":-168500,"chars":[""]},{"type":"bitmap","file":"happyhud:font/assets/lcorp/health_bar_green_fill/horizontal/28/22.png","height":8,"ascent":-168500,"chars":[""]},{"type":"bitmap","file":"happyhud:font/assets/lcorp/health_bar_green_fill/horizontal/28/23.png","height":8,"ascent":-168500,"chars":[""]},{"type":"bitmap","file":"happyhud:font/assets/lcorp/health_bar_green_fill/horizontal/28/24.png","height":8,"ascent":-168500,"chars":[""]},{"type":"bitmap","file":"happyhud:font/assets/lcorp/health_bar_green_fill/horizontal/28/25.png","height":8,"ascent":-168500,"chars":[""]},{"type":"bitmap","file":"happyhud:font/assets/lcorp/health_bar_green_fill/horizontal/28/26.png","height":8,"ascent":-168500,"chars":[""]},{"type":"bitmap","file":"happyhud:font/assets/lcorp/health_bar_green_fill/horizontal/28/27.png","height":8,"ascent":-168500,"chars":[""]},{"type":"bitmap","file":"happyhud:font/assets/lcorp/health_bar_green_fill/horizontal/28/28.png","height":8,"ascent":-168500,"chars":[""]},{"type":"bitmap","file":"happyhud:font/assets/lcorp/health_bar_yellow_fill/horizontal/28/1.png","height":8,"ascent":-168500,"chars":[""]},{"type":"bitmap","file":"happyhud:font/assets/lcorp/health_bar_yellow_fill/horizontal/28/2.png","height":8,"ascent":-168500,"chars":[""]},{"type":"bitmap","file":"happyhud:font/assets/lcorp/health_bar_yellow_fill/horizontal/28/3.png","height":8,"ascent":-168500,"chars":[""]},{"type":"bitmap","file":"happyhud:font/assets/lcorp/health_bar_yellow_fill/horizontal/28/4.png","height":8,"ascent":-168500,"chars":[""]},{"type":"bitmap","file":"happyhud:font/assets/lcorp/health_bar_yellow_fill/horizontal/28/5.png","height":8,"ascent":-168500,"chars":[""]},{"type":"bitmap","file":"happyhud:font/assets/lcorp/health_bar_yellow_fill/horizontal/28/6.png","height":8,"ascent":-168500,"chars":[""]},{"type":"bitmap","file":"happyhud:font/assets/lcorp/health_bar_yellow_fill/horizontal/28/7.png","height":8,"ascent":-168500,"chars":[""]},{"type":"bitmap","file":"happyhud:font/assets/lcorp/health_bar_yellow_fill/horizontal/28/8.png","height":8,"ascent":-168500,"chars":[""]},{"type":"bitmap","file":"happyhud:font/assets/lcorp/health_bar_yellow_fill/horizontal/28/9.png","height":8,"ascent":-168500,"chars":[""]},{"type":"bitmap","file":"happyhud:font/assets/lcorp/health_bar_yellow_fill/horizontal/28/10.png","height":8,"ascent":-168500,"chars":[""]},{"type":"bitmap","file":"happyhud:font/assets/lcorp/health_bar_yellow_fill/horizontal/28/11.png","height":8,"ascent":-168500,"chars":[""]},{"type":"bitmap","file":"happyhud:font/assets/lcorp/health_bar_yellow_fill/horizontal/28/12.png","height":8,"ascent":-168500,"chars":[""]},{"type":"bitmap","file":"happyhud:font/assets/lcorp/health_bar_yellow_fill/horizontal/28/13.png","height":8,"ascent":-168500,"chars":[""]},{"type":"bitmap","file":"happyhud:font/assets/lcorp/health_bar_yellow_fill/horizontal/28/14.png","height":8,"ascent":-168500,"chars":[""]},{"type":"bitmap","file":"happyhud:font/assets/lcorp/health_bar_yellow_fill/horizontal/28/15.png","height":8,"ascent":-168500,"chars":[""]},{"type":"bitmap","file":"happyhud:font/assets/lcorp/health_bar_yellow_fill/horizontal/28/16.png","height":8,"ascent":-168500,"chars":[""]},{"type":"bitmap","file":"happyhud:font/assets/lcorp/health_bar_yellow_fill/horizontal/28/17.png","height":8,"ascent":-168500,"chars":[""]},{"type":"bitmap","file":"happyhud:font/assets/lcorp/health_bar_yellow_fill/horizontal/28/18.png","height":8,"ascent":-168500,"chars":[""]},{"type":"bitmap","file":"happyhud:font/assets/lcorp/health_bar_yellow_fill/horizontal/28/19.png","height":8,"ascent":-168500,"chars":[""]},{"type":"bitmap","file":"happyhud:font/assets/lcorp/health_bar_yellow_fill/horizontal/28/20.png","height":8,"ascent":-168500,"chars":[""]},{"type":"bitmap","file":"happyhud:font/assets/lcorp/health_bar_yellow_fill/horizontal/28/21.png","height":8,"ascent":-168500,"chars":[""]},{"type":"bitmap","file":"happyhud:font/assets/lcorp/health_bar_yellow_fill/horizontal/28/22.png","height":8,"ascent":-168500,"chars":[""]},{"type":"bitmap","file":"happyhud:font/assets/lcorp/health_bar_yellow_fill/horizontal/28/23.png","height":8,"ascent":-168500,"chars":[""]},{"type":"bitmap","file":"happyhud:font/assets/lcorp/health_bar_yellow_fill/horizontal/28/24.png","height":8,"ascent":-168500,"chars":[""]},{"type":"bitmap","file":"happyhud:font/assets/lcorp/health_bar_yellow_fill/horizontal/28/25.png","height":8,"ascent":-168500,"chars":[""]},{"type":"bitmap","file":"happyhud:font/assets/lcorp/health_bar_yellow_fill/horizontal/28/26.png","height":8,"ascent":-168500,"chars":[""]},{"type":"bitmap","file":"happyhud:font/assets/lcorp/health_bar_yellow_fill/horizontal/28/27.png","height":8,"ascent":-168500,"chars":[""]},{"type":"bitmap","file":"happyhud:font/assets/lcorp/health_bar_yellow_fill/horizontal/28/28.png","height":8,"ascent":-168500,"chars":[""]},{"type":"bitmap","file":"happyhud:font/assets/lcorp/heart_outline_active.png","height":9,"ascent":-169500,"chars":[""]},{"type":"bitmap","file":"happyhud:font/assets/lcorp/heart_outline.png","height":9,"ascent":-169500,"chars":[""]},{"type":"bitmap","file":"happyhud:font/assets/lcorp/heart_icon_freeze.png","height":7,"ascent":-170500,"chars":[""]},{"type":"bitmap","file":"happyhud:font/assets/lcorp/heart_icon_absorb.png","height":7,"ascent":-170500,"chars":[""]},{"type":"bitmap","file":"happyhud:font/assets/lcorp/heart_icon.png","height":7,"ascent":-170500,"chars":[""]},{"type":"bitmap","file":"happyhud:font/assets/lcorp/heart_icon_wither.png","height":7,"ascent":-170500,"chars":[""]}]}