{
	"credit": "Made with Blockbench",
	"textures": {
		"0": "tickmc:vfx/fireslash/fireslash1",
		"particle": "tickmc:vfx/fireslash/fireslash1"
	},
	"elements": [
		{
			"from": [-16, 0, -16],
			"to": [32, 0, 32],
			"faces": {
				"north": {"uv": [0, 0, 16, 0], "texture": "#missing"},
				"east": {"uv": [0, 0, 16, 0], "texture": "#missing"},
				"south": {"uv": [0, 0, 16, 0], "texture": "#missing"},
				"west": {"uv": [0, 0, 16, 0], "texture": "#missing"},
				"up": {"uv": [0, 0, 3, 3], "texture": "#0"},
				"down": {"uv": [0, 3, 3, 0], "texture": "#0"}
			}
		}
	],
	"display": {
		"head": {
			"translation": [0, 7, -12.75]
		}
	}
}
