{
	"credit": "Made with Blockbench",
	"texture_size": [32, 32],
	"textures": {
		"1": "tickmc:vfx/spear_of_corruption/quadent_handles",
		"particle": "tickmc:vfx/spear_of_corruption/quadent_handles"
	},
	"elements": [
		{
			"from": [7, 11, 7],
			"to": [9, 21, 9],
			"faces": {
				"north": {"uv": [0, 0, 1, 5], "texture": "#1"},
				"east": {"uv": [1, 0, 2, 5], "texture": "#1"},
				"south": {"uv": [2, 0, 3, 5], "texture": "#1"},
				"west": {"uv": [3, 0, 4, 5], "texture": "#1"},
				"up": {"uv": [11, 2, 10, 1], "texture": "#1"},
				"down": {"uv": [11, 2, 10, 3], "texture": "#1"}
			}
		},
		{
			"from": [7, -7, 7],
			"to": [9, -1, 9],
			"faces": {
				"north": {"uv": [4, 0, 5, 3], "texture": "#1"},
				"east": {"uv": [4, 3, 5, 6], "texture": "#1"},
				"south": {"uv": [0, 5, 1, 8], "texture": "#1"},
				"west": {"uv": [5, 0, 6, 3], "texture": "#1"},
				"up": {"uv": [4, 10.5, 3, 9.5], "texture": "#1"},
				"down": {"uv": [10.5, 5, 9.5, 6], "texture": "#1"}
			}
		},
		{
			"from": [7, 30, 7],
			"to": [9, 32, 9],
			"faces": {
				"north": {"uv": [9.5, 6, 10.5, 7], "texture": "#1"},
				"east": {"uv": [9.5, 7, 10.5, 8], "texture": "#1"},
				"south": {"uv": [8, 9.5, 9, 10.5], "texture": "#1"},
				"west": {"uv": [9.5, 8, 10.5, 9], "texture": "#1"},
				"up": {"uv": [10.5, 10, 9.5, 9], "texture": "#1"},
				"down": {"uv": [11, 0, 10, 1], "texture": "#1"}
			}
		},
		{
			"from": [7.95671, -7.50861, 7],
			"to": [10.95671, -6.50861, 9],
			"rotation": {"angle": -22.5, "axis": "z", "origin": [8, -9.11313, 8]},
			"faces": {
				"north": {"uv": [10.5, 5, 12, 5.5], "texture": "#1"},
				"east": {"uv": [10.5, 8, 11.5, 8.5], "texture": "#1"},
				"south": {"uv": [10.5, 5.5, 12, 6], "texture": "#1"},
				"west": {"uv": [10.5, 8.5, 11.5, 9], "texture": "#1"},
				"up": {"uv": [9, 3, 7.5, 2], "texture": "#1"},
				"down": {"uv": [9, 3, 7.5, 4], "texture": "#1"}
			}
		},
		{
			"from": [10.5, -13, 7.5],
			"to": [11.5, -8, 8.5],
			"rotation": {"angle": 0, "axis": "y", "origin": [8, -9.11313, 8]},
			"faces": {
				"north": {"uv": [9, 2.5, 9.5, 5], "texture": "#1"},
				"east": {"uv": [9, 2.5, 9.5, 5], "texture": "#1"},
				"south": {"uv": [9, 2.5, 9.5, 5], "texture": "#1"},
				"west": {"uv": [9, 2.5, 9.5, 5], "texture": "#1"},
				"up": {"uv": [9.5, 2.5, 9, 3], "texture": "#1"},
				"down": {"uv": [9.5, 4.5, 9, 5], "texture": "#1"}
			}
		},
		{
			"from": [5.04329, -7.50861, 7],
			"to": [8.04329, -6.50861, 9],
			"rotation": {"angle": 22.5, "axis": "z", "origin": [8, -9.11313, 8]},
			"faces": {
				"north": {"uv": [9, 10, 10.5, 10.5], "texture": "#1"},
				"east": {"uv": [10.5, 7.5, 11.5, 8], "texture": "#1"},
				"south": {"uv": [3, 10.5, 4.5, 11], "texture": "#1"},
				"west": {"uv": [8, 10.5, 9, 11], "texture": "#1"},
				"up": {"uv": [8, 7, 6.5, 6], "texture": "#1"},
				"down": {"uv": [8, 7, 6.5, 8], "texture": "#1"}
			}
		},
		{
			"from": [4.5, -13, 7.5],
			"to": [5.5, -8, 8.5],
			"rotation": {"angle": 0, "axis": "y", "origin": [8, -9.11313, 8]},
			"faces": {
				"north": {"uv": [9, 2.5, 9.5, 5], "texture": "#1"},
				"east": {"uv": [9, 2.5, 9.5, 5], "texture": "#1"},
				"south": {"uv": [9, 2.5, 9.5, 5], "texture": "#1"},
				"west": {"uv": [9, 2.5, 9.5, 5], "texture": "#1"},
				"up": {"uv": [9.5, 2.5, 9, 3], "texture": "#1"},
				"down": {"uv": [9.5, 4.5, 9, 5], "texture": "#1"}
			}
		},
		{
			"from": [7, -7.50861, 5.04329],
			"to": [9, -6.50861, 8.04329],
			"rotation": {"angle": -22.5, "axis": "x", "origin": [8, -9.11313, 8]},
			"faces": {
				"north": {"uv": [9, 10.5, 10, 11], "texture": "#1"},
				"east": {"uv": [10.5, 6, 12, 6.5], "texture": "#1"},
				"south": {"uv": [10.5, 9, 11.5, 9.5], "texture": "#1"},
				"west": {"uv": [6.5, 10.5, 8, 11], "texture": "#1"},
				"up": {"uv": [8.5, 5.5, 7.5, 4], "texture": "#1"},
				"down": {"uv": [7.5, 4, 9, 3], "rotation": 90, "texture": "#1"}
			}
		},
		{
			"from": [7.5, -13, 4.5],
			"to": [8.5, -8, 5.5],
			"rotation": {"angle": 0, "axis": "y", "origin": [8, -9.11313, 8]},
			"faces": {
				"north": {"uv": [9, 2.5, 9.5, 5], "texture": "#1"},
				"east": {"uv": [9, 2.5, 9.5, 5], "texture": "#1"},
				"south": {"uv": [9, 2.5, 9.5, 5], "texture": "#1"},
				"west": {"uv": [9, 2.5, 9.5, 5], "texture": "#1"},
				"up": {"uv": [9.5, 2.5, 9, 3], "texture": "#1"},
				"down": {"uv": [9.5, 4.5, 9, 5], "texture": "#1"}
			}
		},
		{
			"from": [7, -7.50861, 7.95671],
			"to": [9, -6.50861, 10.95671],
			"rotation": {"angle": 22.5, "axis": "x", "origin": [8, -9.11313, 8]},
			"faces": {
				"north": {"uv": [10.5, 9.5, 11.5, 10], "texture": "#1"},
				"east": {"uv": [10.5, 6.5, 12, 7], "texture": "#1"},
				"south": {"uv": [10, 10.5, 11, 11], "texture": "#1"},
				"west": {"uv": [10.5, 7, 12, 7.5], "texture": "#1"},
				"up": {"uv": [1, 9.5, 0, 8], "texture": "#1"},
				"down": {"uv": [7.5, 4, 9, 3], "rotation": 90, "texture": "#1"}
			}
		},
		{
			"from": [7.5, -13, 10.5],
			"to": [8.5, -8, 11.5],
			"rotation": {"angle": 0, "axis": "y", "origin": [8, -9.11313, 8]},
			"faces": {
				"north": {"uv": [9, 2.5, 9.5, 5], "texture": "#1"},
				"east": {"uv": [9, 2.5, 9.5, 5], "texture": "#1"},
				"south": {"uv": [9, 2.5, 9.5, 5], "texture": "#1"},
				"west": {"uv": [9, 2.5, 9.5, 5], "texture": "#1"},
				"up": {"uv": [9.5, 2.5, 9, 3], "texture": "#1"},
				"down": {"uv": [9.5, 4.5, 9, 5], "texture": "#1"}
			}
		},
		{
			"from": [7.5, -15, 7.5],
			"to": [8.5, -7, 8.5],
			"rotation": {"angle": 0, "axis": "y", "origin": [8, -12, 8]},
			"faces": {
				"north": {"uv": [3.5, 5, 4, 9], "texture": "#1"},
				"east": {"uv": [3.5, 5, 4, 9], "texture": "#1"},
				"south": {"uv": [3.5, 5, 4, 9], "texture": "#1"},
				"west": {"uv": [3.5, 5, 4, 9], "texture": "#1"},
				"up": {"uv": [9.5, 2.5, 9, 3], "texture": "#1"},
				"down": {"uv": [9.5, 4.5, 9, 5], "texture": "#1"}
			}
		},
		{
			"from": [7.5, -1, 7.5],
			"to": [8.5, 11, 8.5],
			"rotation": {"angle": 0, "axis": "y", "origin": [8, -12, 8]},
			"faces": {
				"north": {"uv": [2, 5, 2.5, 11], "texture": "#1"},
				"east": {"uv": [2, 5, 2.5, 11], "texture": "#1"},
				"south": {"uv": [2, 5, 2.5, 11], "texture": "#1"},
				"west": {"uv": [2, 5, 2.5, 11], "texture": "#1"},
				"up": {"uv": [11.5, 0.5, 11, 0], "texture": "#1"},
				"down": {"uv": [11.5, 0.5, 11, 1], "texture": "#1"}
			}
		},
		{
			"from": [7.5, 21, 7.5],
			"to": [8.5, 30, 8.5],
			"rotation": {"angle": 0, "axis": "y", "origin": [8, -12, 8]},
			"faces": {
				"north": {"uv": [4.5, 6, 5, 10.5], "texture": "#1"},
				"east": {"uv": [4.5, 6, 5, 10.5], "texture": "#1"},
				"south": {"uv": [4.5, 6, 5, 10.5], "texture": "#1"},
				"west": {"uv": [4.5, 6, 5, 10.5], "texture": "#1"},
				"up": {"uv": [1.5, 11.5, 1, 11], "texture": "#1"},
				"down": {"uv": [11.5, 1, 11, 1.5], "texture": "#1"}
			}
		},
		{
			"name": "outline",
			"from": [7.45, 20.55, 7.45],
			"to": [8.55, 30.45, 7.45],
			"rotation": {"angle": 0, "axis": "y", "origin": [8, -15.75, 8]},
			"faces": {
				"north": {"uv": [15, 0, 15.5, 4.5], "texture": "#1"},
				"east": {"uv": [15.5, 0, 15.5, 4.5], "texture": "#1"},
				"south": {"uv": [15.5, 0, 16, 4.5], "texture": "#1"},
				"west": {"uv": [15.5, 0, 15.5, 4.5], "texture": "#1"},
				"up": {"uv": [15.5, 0, 16, 0], "texture": "#1"},
				"down": {"uv": [15.5, 0, 16, 0], "texture": "#1"}
			}
		},
		{
			"name": "outline",
			"from": [7.45, 20.55, 8.55],
			"to": [8.55, 30.45, 8.55],
			"rotation": {"angle": 0, "axis": "y", "origin": [8, -15.75, 8]},
			"faces": {
				"north": {"uv": [15.5, 0, 16, 4.5], "texture": "#1"},
				"east": {"uv": [15.5, 0, 15.5, 4.5], "texture": "#1"},
				"south": {"uv": [15, 0, 15.5, 4.5], "texture": "#1"},
				"west": {"uv": [15.5, 0, 15.5, 4.5], "texture": "#1"},
				"up": {"uv": [15.5, 0, 16, 0], "texture": "#1"},
				"down": {"uv": [15.5, 0, 16, 0], "texture": "#1"}
			}
		},
		{
			"name": "outline",
			"from": [8.55, 20.55, 7.45],
			"to": [8.55, 30.45, 8.55],
			"rotation": {"angle": 0, "axis": "y", "origin": [8, -15.75, 8]},
			"faces": {
				"north": {"uv": [15.5, 0, 15.5, 4.5], "texture": "#1"},
				"east": {"uv": [15, 0, 15.5, 4.5], "texture": "#1"},
				"south": {"uv": [15.5, 0, 15.5, 4.5], "texture": "#1"},
				"west": {"uv": [15.5, 0, 16, 4.5], "texture": "#1"},
				"up": {"uv": [15.5, 0, 15.5, 0.5], "texture": "#1"},
				"down": {"uv": [15.5, 0, 15.5, 0.5], "texture": "#1"}
			}
		},
		{
			"name": "outline",
			"from": [7.45, 20.55, 7.45],
			"to": [7.45, 30.45, 8.55],
			"rotation": {"angle": 0, "axis": "y", "origin": [8, -15.75, 8]},
			"faces": {
				"north": {"uv": [15.5, 0, 15.5, 4.5], "texture": "#1"},
				"east": {"uv": [15.5, 0, 16, 4.5], "texture": "#1"},
				"south": {"uv": [15.5, 0, 15.5, 4.5], "texture": "#1"},
				"west": {"uv": [15, 0, 15.5, 4.5], "texture": "#1"},
				"up": {"uv": [15.5, 0, 15.5, 0.5], "texture": "#1"},
				"down": {"uv": [15.5, 0, 15.5, 0.5], "texture": "#1"}
			}
		},
		{
			"name": "outline",
			"from": [8.55, -1.45, 7.45],
			"to": [8.55, 11.45, 8.55],
			"rotation": {"angle": 0, "axis": "y", "origin": [8, -15.75, 8]},
			"faces": {
				"north": {"uv": [15.5, 0, 15.5, 4.5], "texture": "#1"},
				"east": {"uv": [15, 0, 15.5, 4.5], "texture": "#1"},
				"south": {"uv": [15.5, 0, 15.5, 4.5], "texture": "#1"},
				"west": {"uv": [15.5, 0, 16, 4.5], "texture": "#1"},
				"up": {"uv": [15.5, 0, 15.5, 0.5], "texture": "#1"},
				"down": {"uv": [15.5, 0, 15.5, 0.5], "texture": "#1"}
			}
		},
		{
			"name": "outline",
			"from": [7.45, -1.45, 8.55],
			"to": [8.55, 11.45, 8.55],
			"rotation": {"angle": 0, "axis": "y", "origin": [8, -15.75, 8]},
			"faces": {
				"north": {"uv": [15.5, 0, 16, 4.5], "texture": "#1"},
				"east": {"uv": [15.5, 0, 15.5, 4.5], "texture": "#1"},
				"south": {"uv": [15, 0, 15.5, 4.5], "texture": "#1"},
				"west": {"uv": [15.5, 0, 15.5, 4.5], "texture": "#1"},
				"up": {"uv": [15.5, 0, 16, 0], "texture": "#1"},
				"down": {"uv": [15.5, 0, 16, 0], "texture": "#1"}
			}
		},
		{
			"name": "outline",
			"from": [7.45, -1.45, 7.45],
			"to": [7.45, 11.45, 8.55],
			"rotation": {"angle": 0, "axis": "y", "origin": [8, -15.75, 8]},
			"faces": {
				"north": {"uv": [15.5, 0, 15.5, 4.5], "texture": "#1"},
				"east": {"uv": [15.5, 0, 16, 4.5], "texture": "#1"},
				"south": {"uv": [15.5, 0, 15.5, 4.5], "texture": "#1"},
				"west": {"uv": [15, 0, 15.5, 4.5], "texture": "#1"},
				"up": {"uv": [15.5, 0, 15.5, 0.5], "texture": "#1"},
				"down": {"uv": [15.5, 0, 15.5, 0.5], "texture": "#1"}
			}
		},
		{
			"name": "outline",
			"from": [7.45, -1.45, 7.45],
			"to": [8.55, 11.45, 7.45],
			"rotation": {"angle": 0, "axis": "y", "origin": [8, -15.75, 8]},
			"faces": {
				"north": {"uv": [15, 0, 15.5, 4.5], "texture": "#1"},
				"east": {"uv": [15.5, 0, 15.5, 4.5], "texture": "#1"},
				"south": {"uv": [15.5, 0, 16, 4.5], "texture": "#1"},
				"west": {"uv": [15.5, 0, 15.5, 4.5], "texture": "#1"},
				"up": {"uv": [15.5, 0, 16, 0], "texture": "#1"},
				"down": {"uv": [15.5, 0, 16, 0], "texture": "#1"}
			}
		},
		{
			"name": "outline",
			"from": [11.55, -13.2, 7.45],
			"to": [11.55, -8.05, 8.55],
			"rotation": {"angle": 0, "axis": "y", "origin": [11, -9, 8]},
			"faces": {
				"north": {"uv": [15.625, 0, 15.5, 2.575], "texture": "#1"},
				"east": {"uv": [15.075, 0, 15.5, 2.575], "texture": "#1"},
				"south": {"uv": [15.625, 0, 15.5, 2.575], "texture": "#1"},
				"west": {"uv": [15.575, 0, 16, 2.575], "texture": "#1"},
				"up": {"uv": [15.625, 0, 15.5, 0.55], "texture": "#1"},
				"down": {"uv": [15.625, 0, 15.5, 0.55], "texture": "#1"}
			}
		},
		{
			"name": "outline",
			"from": [10.45, -13.2, 7.45],
			"to": [11.55, -13.2, 8.55],
			"rotation": {"angle": 0, "axis": "y", "origin": [11, -9, 8]},
			"faces": {
				"north": {"uv": [16, 0, 15.5, 0], "texture": "#1"},
				"east": {"uv": [15.45, 0, 16, 0], "texture": "#1"},
				"south": {"uv": [16, 0, 15.5, 0], "texture": "#1"},
				"west": {"uv": [15.45, 0, 16, 0], "texture": "#1"},
				"up": {"uv": [16, 0, 15.5, 0.55], "texture": "#1"},
				"down": {"uv": [15.5, 0, 15, 0.55], "texture": "#1"}
			}
		},
		{
			"name": "outline",
			"from": [10.45, -13.2, 8.55],
			"to": [11.55, -8.05, 8.55],
			"rotation": {"angle": 0, "axis": "y", "origin": [11, -9, 8]},
			"faces": {
				"north": {"uv": [15.575, 0, 16, 2.575], "texture": "#1"},
				"east": {"uv": [15.625, 0, 15.5, 2.575], "texture": "#1"},
				"south": {"uv": [15.075, 0, 15.5, 2.575], "texture": "#1"},
				"west": {"uv": [15.625, 0, 15.5, 2.575], "texture": "#1"},
				"up": {"uv": [15.575, 0, 16, 0], "texture": "#1"},
				"down": {"uv": [15.575, 0, 16, 0], "texture": "#1"}
			}
		},
		{
			"name": "outline",
			"from": [10.45, -13.2, 7.45],
			"to": [10.45, -8.05, 8.55],
			"rotation": {"angle": 0, "axis": "y", "origin": [11, -9, 8]},
			"faces": {
				"north": {"uv": [15.625, 0, 15.5, 2.575], "texture": "#1"},
				"east": {"uv": [15.575, 0, 16, 2.575], "texture": "#1"},
				"south": {"uv": [15.625, 0, 15.5, 2.575], "texture": "#1"},
				"west": {"uv": [15.075, 0, 15.5, 2.575], "texture": "#1"},
				"up": {"uv": [15.625, 0, 15.5, 0.55], "texture": "#1"},
				"down": {"uv": [15.625, 0, 15.5, 0.55], "texture": "#1"}
			}
		},
		{
			"name": "outline",
			"from": [10.45, -13.2, 7.45],
			"to": [11.55, -8.05, 7.45],
			"rotation": {"angle": 0, "axis": "y", "origin": [11, -9, 8]},
			"faces": {
				"north": {"uv": [15.075, 0, 15.5, 2.575], "texture": "#1"},
				"east": {"uv": [15.625, 0, 15.5, 2.575], "texture": "#1"},
				"south": {"uv": [15.575, 0, 16, 2.575], "texture": "#1"},
				"west": {"uv": [15.625, 0, 15.5, 2.575], "texture": "#1"},
				"up": {"uv": [15.575, 0, 16, 0], "texture": "#1"},
				"down": {"uv": [15.575, 0, 16, 0], "texture": "#1"}
			}
		},
		{
			"name": "outline",
			"from": [4.45, -13.2, 7.45],
			"to": [5.55, -13.2, 8.55],
			"rotation": {"angle": 0, "axis": "y", "origin": [11, -9, 8]},
			"faces": {
				"north": {"uv": [16, 0, 15.5, 0], "texture": "#1"},
				"east": {"uv": [15.45, 0, 16, 0], "texture": "#1"},
				"south": {"uv": [16, 0, 15.5, 0], "texture": "#1"},
				"west": {"uv": [15.45, 0, 16, 0], "texture": "#1"},
				"up": {"uv": [16, 0, 15.5, 0.55], "texture": "#1"},
				"down": {"uv": [15.5, 0, 15, 0.55], "texture": "#1"}
			}
		},
		{
			"name": "outline",
			"from": [5.55, -13.2, 7.45],
			"to": [5.55, -8.05, 8.55],
			"rotation": {"angle": 0, "axis": "y", "origin": [11, -9, 8]},
			"faces": {
				"north": {"uv": [15.625, 0, 15.5, 2.575], "texture": "#1"},
				"east": {"uv": [15.075, 0, 15.5, 2.575], "texture": "#1"},
				"south": {"uv": [15.625, 0, 15.5, 2.575], "texture": "#1"},
				"west": {"uv": [15.575, 0, 16, 2.575], "texture": "#1"},
				"up": {"uv": [15.625, 0, 15.5, 0.55], "texture": "#1"},
				"down": {"uv": [15.625, 0, 15.5, 0.55], "texture": "#1"}
			}
		},
		{
			"name": "outline",
			"from": [4.45, -13.2, 8.55],
			"to": [5.55, -8.05, 8.55],
			"rotation": {"angle": 0, "axis": "y", "origin": [11, -9, 8]},
			"faces": {
				"north": {"uv": [15.575, 0, 16, 2.575], "texture": "#1"},
				"east": {"uv": [15.625, 0, 15.5, 2.575], "texture": "#1"},
				"south": {"uv": [15.075, 0, 15.5, 2.575], "texture": "#1"},
				"west": {"uv": [15.625, 0, 15.5, 2.575], "texture": "#1"},
				"up": {"uv": [15.575, 0, 16, 0], "texture": "#1"},
				"down": {"uv": [15.575, 0, 16, 0], "texture": "#1"}
			}
		},
		{
			"name": "outline",
			"from": [4.45, -13.2, 7.45],
			"to": [5.55, -8.05, 7.45],
			"rotation": {"angle": 0, "axis": "y", "origin": [11, -9, 8]},
			"faces": {
				"north": {"uv": [15.075, 0, 15.5, 2.575], "texture": "#1"},
				"east": {"uv": [15.625, 0, 15.5, 2.575], "texture": "#1"},
				"south": {"uv": [15.575, 0, 16, 2.575], "texture": "#1"},
				"west": {"uv": [15.625, 0, 15.5, 2.575], "texture": "#1"},
				"up": {"uv": [15.575, 0, 16, 0], "texture": "#1"},
				"down": {"uv": [15.575, 0, 16, 0], "texture": "#1"}
			}
		},
		{
			"name": "outline",
			"from": [4.45, -13.2, 7.45],
			"to": [4.45, -8.05, 8.55],
			"rotation": {"angle": 0, "axis": "y", "origin": [11, -9, 8]},
			"faces": {
				"north": {"uv": [15.625, 0, 15.5, 2.575], "texture": "#1"},
				"east": {"uv": [15.575, 0, 16, 2.575], "texture": "#1"},
				"south": {"uv": [15.625, 0, 15.5, 2.575], "texture": "#1"},
				"west": {"uv": [15.075, 0, 15.5, 2.575], "texture": "#1"},
				"up": {"uv": [15.625, 0, 15.5, 0.55], "texture": "#1"},
				"down": {"uv": [15.625, 0, 15.5, 0.55], "texture": "#1"}
			}
		},
		{
			"name": "outline",
			"from": [7.45, -13.2, 4.45],
			"to": [8.55, -13.2, 5.55],
			"rotation": {"angle": 0, "axis": "y", "origin": [11, -9, 8]},
			"faces": {
				"north": {"uv": [16, 0, 15.5, 0], "texture": "#1"},
				"east": {"uv": [15.45, 0, 16, 0], "texture": "#1"},
				"south": {"uv": [16, 0, 15.5, 0], "texture": "#1"},
				"west": {"uv": [15.45, 0, 16, 0], "texture": "#1"},
				"up": {"uv": [16, 0, 15.5, 0.55], "texture": "#1"},
				"down": {"uv": [15.5, 0, 15, 0.55], "texture": "#1"}
			}
		},
		{
			"name": "outline",
			"from": [8.55, -13.2, 4.45],
			"to": [8.55, -8.05, 5.55],
			"rotation": {"angle": 0, "axis": "y", "origin": [11, -9, 8]},
			"faces": {
				"north": {"uv": [15.625, 0, 15.5, 2.575], "texture": "#1"},
				"east": {"uv": [15.075, 0, 15.5, 2.575], "texture": "#1"},
				"south": {"uv": [15.625, 0, 15.5, 2.575], "texture": "#1"},
				"west": {"uv": [15.575, 0, 16, 2.575], "texture": "#1"},
				"up": {"uv": [15.625, 0, 15.5, 0.55], "texture": "#1"},
				"down": {"uv": [15.625, 0, 15.5, 0.55], "texture": "#1"}
			}
		},
		{
			"name": "outline",
			"from": [7.45, -13.2, 5.55],
			"to": [8.55, -8.05, 5.55],
			"rotation": {"angle": 0, "axis": "y", "origin": [11, -9, 8]},
			"faces": {
				"north": {"uv": [15.575, 0, 16, 2.575], "texture": "#1"},
				"east": {"uv": [15.625, 0, 15.5, 2.575], "texture": "#1"},
				"south": {"uv": [15.075, 0, 15.5, 2.575], "texture": "#1"},
				"west": {"uv": [15.625, 0, 15.5, 2.575], "texture": "#1"},
				"up": {"uv": [15.575, 0, 16, 0], "texture": "#1"},
				"down": {"uv": [15.575, 0, 16, 0], "texture": "#1"}
			}
		},
		{
			"name": "outline",
			"from": [7.45, -13.2, 4.45],
			"to": [8.55, -8.05, 4.45],
			"rotation": {"angle": 0, "axis": "y", "origin": [11, -9, 8]},
			"faces": {
				"north": {"uv": [15.075, 0, 15.5, 2.575], "texture": "#1"},
				"east": {"uv": [15.625, 0, 15.5, 2.575], "texture": "#1"},
				"south": {"uv": [15.575, 0, 16, 2.575], "texture": "#1"},
				"west": {"uv": [15.625, 0, 15.5, 2.575], "texture": "#1"},
				"up": {"uv": [15.575, 0, 16, 0], "texture": "#1"},
				"down": {"uv": [15.575, 0, 16, 0], "texture": "#1"}
			}
		},
		{
			"name": "outline",
			"from": [7.45, -13.2, 4.45],
			"to": [7.45, -8.05, 5.55],
			"rotation": {"angle": 0, "axis": "y", "origin": [11, -9, 8]},
			"faces": {
				"north": {"uv": [15.625, 0, 15.5, 2.575], "texture": "#1"},
				"east": {"uv": [15.575, 0, 16, 2.575], "texture": "#1"},
				"south": {"uv": [15.625, 0, 15.5, 2.575], "texture": "#1"},
				"west": {"uv": [15.075, 0, 15.5, 2.575], "texture": "#1"},
				"up": {"uv": [15.625, 0, 15.5, 0.55], "texture": "#1"},
				"down": {"uv": [15.625, 0, 15.5, 0.55], "texture": "#1"}
			}
		},
		{
			"name": "outline",
			"from": [7.45, -13.2, 10.45],
			"to": [8.55, -13.2, 11.55],
			"rotation": {"angle": 0, "axis": "y", "origin": [11, -9, 8]},
			"faces": {
				"north": {"uv": [16, 0, 15.5, 0], "texture": "#1"},
				"east": {"uv": [15.45, 0, 16, 0], "texture": "#1"},
				"south": {"uv": [16, 0, 15.5, 0], "texture": "#1"},
				"west": {"uv": [15.45, 0, 16, 0], "texture": "#1"},
				"up": {"uv": [16, 0, 15.5, 0.55], "texture": "#1"},
				"down": {"uv": [15.5, 0, 15, 0.55], "texture": "#1"}
			}
		},
		{
			"name": "outline",
			"from": [8.55, -13.2, 10.45],
			"to": [8.55, -8.05, 11.55],
			"rotation": {"angle": 0, "axis": "y", "origin": [11, -9, 8]},
			"faces": {
				"north": {"uv": [15.625, 0, 15.5, 2.575], "texture": "#1"},
				"east": {"uv": [15.075, 0, 15.5, 2.575], "texture": "#1"},
				"south": {"uv": [15.625, 0, 15.5, 2.575], "texture": "#1"},
				"west": {"uv": [15.575, 0, 16, 2.575], "texture": "#1"},
				"up": {"uv": [15.625, 0, 15.5, 0.55], "texture": "#1"},
				"down": {"uv": [15.625, 0, 15.5, 0.55], "texture": "#1"}
			}
		},
		{
			"name": "outline",
			"from": [7.45, -13.2, 11.55],
			"to": [8.55, -8.05, 11.55],
			"rotation": {"angle": 0, "axis": "y", "origin": [11, -9, 8]},
			"faces": {
				"north": {"uv": [15.575, 0, 16, 2.575], "texture": "#1"},
				"east": {"uv": [15.625, 0, 15.5, 2.575], "texture": "#1"},
				"south": {"uv": [15.075, 0, 15.5, 2.575], "texture": "#1"},
				"west": {"uv": [15.625, 0, 15.5, 2.575], "texture": "#1"},
				"up": {"uv": [15.575, 0, 16, 0], "texture": "#1"},
				"down": {"uv": [15.575, 0, 16, 0], "texture": "#1"}
			}
		},
		{
			"name": "outline",
			"from": [7.45, -13.2, 10.45],
			"to": [8.55, -8.05, 10.45],
			"rotation": {"angle": 0, "axis": "y", "origin": [11, -9, 8]},
			"faces": {
				"north": {"uv": [15.075, 0, 15.5, 2.575], "texture": "#1"},
				"east": {"uv": [15.625, 0, 15.5, 2.575], "texture": "#1"},
				"south": {"uv": [15.575, 0, 16, 2.575], "texture": "#1"},
				"west": {"uv": [15.625, 0, 15.5, 2.575], "texture": "#1"},
				"up": {"uv": [15.575, 0, 16, 0], "texture": "#1"},
				"down": {"uv": [15.575, 0, 16, 0], "texture": "#1"}
			}
		},
		{
			"name": "outline",
			"from": [7.45, -13.2, 10.45],
			"to": [7.45, -8.05, 11.55],
			"rotation": {"angle": 0, "axis": "y", "origin": [11, -9, 8]},
			"faces": {
				"north": {"uv": [15.625, 0, 15.5, 2.575], "texture": "#1"},
				"east": {"uv": [15.575, 0, 16, 2.575], "texture": "#1"},
				"south": {"uv": [15.625, 0, 15.5, 2.575], "texture": "#1"},
				"west": {"uv": [15.075, 0, 15.5, 2.575], "texture": "#1"},
				"up": {"uv": [15.625, 0, 15.5, 0.55], "texture": "#1"},
				"down": {"uv": [15.625, 0, 15.5, 0.55], "texture": "#1"}
			}
		},
		{
			"name": "outline",
			"from": [7.45, -15.2, 7.45],
			"to": [8.55, -15.2, 8.55],
			"rotation": {"angle": 0, "axis": "y", "origin": [8, -15.2, 8]},
			"faces": {
				"north": {"uv": [16, 0, 15.5, 0], "texture": "#1"},
				"east": {"uv": [15.45, 0, 16, 0], "texture": "#1"},
				"south": {"uv": [16, 0, 15.5, 0], "texture": "#1"},
				"west": {"uv": [15.45, 0, 16, 0], "texture": "#1"},
				"up": {"uv": [16, 0, 15.5, 0.55], "texture": "#1"},
				"down": {"uv": [15.5, 0, 15, 0.55], "texture": "#1"}
			}
		},
		{
			"name": "outline",
			"from": [8.55, -15.2, 7.45],
			"to": [8.55, -7.05, 8.55],
			"rotation": {"angle": 0, "axis": "y", "origin": [8, -13.9125, 8]},
			"faces": {
				"north": {"uv": [15.625, 0, 15.5, 2.575], "texture": "#1"},
				"east": {"uv": [15.075, 0, 15.5, 2.575], "texture": "#1"},
				"south": {"uv": [15.625, 0, 15.5, 2.575], "texture": "#1"},
				"west": {"uv": [15.575, 0, 16, 2.575], "texture": "#1"},
				"up": {"uv": [15.625, 0, 15.5, 0.55], "texture": "#1"},
				"down": {"uv": [15.625, 0, 15.5, 0.55], "texture": "#1"}
			}
		},
		{
			"name": "outline",
			"from": [7.45, -15.2, 8.55],
			"to": [8.55, -7.05, 8.55],
			"rotation": {"angle": 0, "axis": "y", "origin": [8, -13.9125, 8]},
			"faces": {
				"north": {"uv": [15.575, 0, 16, 2.575], "texture": "#1"},
				"east": {"uv": [15.625, 0, 15.5, 2.575], "texture": "#1"},
				"south": {"uv": [15.075, 0, 15.5, 2.575], "texture": "#1"},
				"west": {"uv": [15.625, 0, 15.5, 2.575], "texture": "#1"},
				"up": {"uv": [15.575, 0, 16, 0], "texture": "#1"},
				"down": {"uv": [15.575, 0, 16, 0], "texture": "#1"}
			}
		},
		{
			"name": "outline",
			"from": [7.45, -15.2, 7.45],
			"to": [8.55, -7.05, 7.45],
			"rotation": {"angle": 0, "axis": "y", "origin": [8, -13.9125, 8]},
			"faces": {
				"north": {"uv": [15.075, 0, 15.5, 2.575], "texture": "#1"},
				"east": {"uv": [15.625, 0, 15.5, 2.575], "texture": "#1"},
				"south": {"uv": [15.575, 0, 16, 2.575], "texture": "#1"},
				"west": {"uv": [15.625, 0, 15.5, 2.575], "texture": "#1"},
				"up": {"uv": [15.575, 0, 16, 0], "texture": "#1"},
				"down": {"uv": [15.575, 0, 16, 0], "texture": "#1"}
			}
		},
		{
			"name": "outline",
			"from": [7.45, -15.2, 7.45],
			"to": [7.45, -7.05, 8.55],
			"rotation": {"angle": 0, "axis": "y", "origin": [8, -13.9125, 8]},
			"faces": {
				"north": {"uv": [15.625, 0, 15.5, 2.575], "texture": "#1"},
				"east": {"uv": [15.575, 0, 16, 2.575], "texture": "#1"},
				"south": {"uv": [15.625, 0, 15.5, 2.575], "texture": "#1"},
				"west": {"uv": [15.075, 0, 15.5, 2.575], "texture": "#1"},
				"up": {"uv": [15.625, 0, 15.5, 0.55], "texture": "#1"},
				"down": {"uv": [15.625, 0, 15.5, 0.55], "texture": "#1"}
			}
		},
		{
			"from": [9, -5, 6],
			"to": [11, -3, 10],
			"rotation": {"angle": -45, "axis": "z", "origin": [8, -2, 8]},
			"faces": {
				"north": {"uv": [10, 3, 11, 4], "texture": "#1"},
				"east": {"uv": [6.5, 0, 8.5, 1], "texture": "#1"},
				"south": {"uv": [10, 3, 11, 4], "rotation": 270, "texture": "#1"},
				"west": {"uv": [6.5, 1, 8.5, 2], "texture": "#1"},
				"up": {"uv": [7.5, 4, 6.5, 2], "texture": "#1"},
				"down": {"uv": [7.5, 4, 6.5, 6], "texture": "#1"}
			}
		}
	],
	"gui_light": "front",
	"display": {
		"thirdperson_righthand": {
			"rotation": [-179, 0, 0],
			"translation": [0, 5, 0]
		},
		"thirdperson_lefthand": {
			"rotation": [-179, 0, 0],
			"translation": [0, 5, 0]
		},
		"firstperson_righthand": {
			"rotation": [-169, 0, 0],
			"translation": [2.25, 2, 0]
		},
		"firstperson_lefthand": {
			"rotation": [-169, 0, 0],
			"translation": [2.25, 2, 0]
		},
		"ground": {
			"translation": [0, 10.75, 0],
			"scale": [0.5, 0.5, 0.5]
		},
		"gui": {
			"rotation": [0, 0, 135],
			"scale": [0.5, 0.5, 0.5]
		},
		"head": {
			"translation": [0, 36, 0],
			"scale": [2, 2, 2]
		}
	},
	"groups": [
		{
			"name": "grips",
			"origin": [0, 0, 0],
			"color": 0,
			"children": [0, 1, 2]
		},
		{
			"name": "group",
			"origin": [8, -12, 8],
			"color": 0,
			"children": [3, 4, 5, 6]
		},
		{
			"name": "group",
			"origin": [8, -12, 8],
			"color": 0,
			"children": [7, 8, 9, 10]
		},
		{
			"name": "hilt",
			"origin": [8, -2, 8],
			"color": 0,
			"children": [11, 12, 13, 14, 15, 16, 17, 18, 19, 20, 21, 22, 23, 24, 25, 26, 27, 28, 29, 30, 31, 32, 33, 34, 35, 36, 37, 38, 39, 40, 41, 42, 43, 44, 45, 46, 47]
		}
	]
}