{
	"credit": "Made with Blockbench",
	"textures": {
		"0": "tickmc:vfx/withered_blade/withered_blade_slash_1",
		"particle": "tickmc:vfx/withered_blade/withered_blade_slash_1"
	},
	"elements": [
		{
			"from": [-8, 8, -8],
			"to": [24, 8, 24],
			"rotation": {"angle": 22.5, "axis": "z", "origin": [0, 0, 0]},
			"faces": {
				"north": {"uv": [0, 0, 16, 0], "texture": "#missing"},
				"east": {"uv": [0, 0, 16, 0], "texture": "#missing"},
				"south": {"uv": [0, 0, 16, 0], "texture": "#missing"},
				"west": {"uv": [0, 0, 16, 0], "texture": "#missing"},
				"up": {"uv": [10.6, 0, 16, 5.4], "texture": "#0"}
			}
		}
	],
	"display": {
		"head": {
			"translation": [0, 7, -12.75]
		}
	}
}
