{
  "providers": [
    {
      "type": "space",
      "advances": {
        "\uE001": 1,
        "\uE002": 2,
        "\uE003": 3,
        "\uE004": 4,
        "\uE005": 5,
        "\uE006": 6,
        "\uE007": 7,
        "\uE008": 8,
        "\uE009": 9,
        "\uE00A": 10,
        "\uE00B": 11,
        "\uE00C": 12,
        "\uE00D": 13,
        "\uE00E": 14,
        "\uE00F": 15,
        "\uE010": 16,
        "\uE011": 17,
        "\uE012": 18,
        "\uE013": 19,
        "\uE014": 20,
        "\uE015": 21,
        "\uE016": 22,
        "\uE017": 23,
        "\uE018": 24,
        "\uE019": 25,
        "\uE01A": 26,
        "\uE01B": 27,
        "\uE01C": 28,
        "\uE01D": 29,
        "\uE01E": 30,
        "\uE01F": 31,
        "\uE020": 32,
        "\uE021": 33,
        "\uE022": 34,
        "\uE023": 35,
        "\uE024": 36,
        "\uE025": 37,
        "\uE026": 38,
        "\uE027": 39,
        "\uE028": 40,
        "\uE029": 41,
        "\uE02A": 42,
        "\uE02B": 43,
        "\uE02C": 44,
        "\uE02D": 45,
        "\uE02E": 46,
        "\uE02F": 47,
        "\uE030": 48,
        "\uE031": 49,
        "\uE032": 50,
        "\uE033": 51,
        "\uE034": 52,
        "\uE035": 53,
        "\uE036": 54,
        "\uE037": 55,
        "\uE038": 56,
        "\uE039": 57,
        "\uE03A": 58,
        "\uE03B": 59,
        "\uE03C": 60,
        "\uE03D": 61,
        "\uE03E": 62,
        "\uE03F": 63,
        "\uE040": 64,
        "\uE041": 65,
        "\uE042": 66,
        "\uE043": 67,
        "\uE044": 68,
        "\uE045": 69,
        "\uE046": 70,
        "\uE047": 71,
        "\uE048": 72,
        "\uE049": 73,
        "\uE04A": 74,
        "\uE04B": 75,
        "\uE04C": 76,
        "\uE04D": 77,
        "\uE04E": 78,
        "\uE04F": 79,
        "\uE050": 80,
        "\uE051": 81,
        "\uE052": 82,
        "\uE053": 83,
        "\uE054": 84,
        "\uE055": 85,
        "\uE056": 86,
        "\uE057": 87,
        "\uE058": 88,
        "\uE059": 89,
        "\uE05A": 90,
        "\uE05B": 91,
        "\uE05C": 92,
        "\uE05D": 93,
        "\uE05E": 94,
        "\uE05F": 95,
        "\uE060": 96,
        "\uE061": 97,
        "\uE062": 98,
        "\uE063": 99,
        "\uE064": 100,
        "\uE065": 101,
        "\uE066": 102,
        "\uE067": 103,
        "\uE068": 104,
        "\uE069": 105,
        "\uE06A": 106,
        "\uE06B": 107,
        "\uE06C": 108,
        "\uE06D": 109,
        "\uE06E": 110,
        "\uE06F": 111,
        "\uE070": 112,
        "\uE071": 113,
        "\uE072": 114,
        "\uE073": 115,
        "\uE074": 116,
        "\uE075": 117,
        "\uE076": 118,
        "\uE077": 119,
        "\uE078": 120,
        "\uE079": 121,
        "\uE07A": 122,
        "\uE07B": 123,
        "\uE07C": 124,
        "\uE07D": 125,
        "\uE07E": 126,
        "\uE07F": 127,
        "\uE080": 128,
        "\uE081": 129,
        "\uE082": 130,
        "\uE083": 131,
        "\uE084": 132,
        "\uE085": 133,
        "\uE086": 134,
        "\uE087": 135,
        "\uE088": 136,
        "\uE089": 137,
        "\uE08A": 138,
        "\uE08B": 139,
        "\uE08C": 140,
        "\uE08D": 141,
        "\uE08E": 142,
        "\uE08F": 143,
        "\uE090": 144,
        "\uE091": 145,
        "\uE092": 146,
        "\uE093": 147,
        "\uE094": 148,
        "\uE095": 149,
        "\uE096": 150,
        "\uE097": 151,
        "\uE098": 152,
        "\uE099": 153,
        "\uE09A": 154,
        "\uE09B": 155,
        "\uE09C": 156,
        "\uE09D": 157,
        "\uE09E": 158,
        "\uE09F": 159,
        "\uE0A0": 160,
        "\uE0A1": 161,
        "\uE0A2": 162,
        "\uE0A3": 163,
        "\uE0A4": 164,
        "\uE0A5": 165,
        "\uE0A6": 166,
        "\uE0A7": 167,
        "\uE0A8": 168,
        "\uE0A9": 169,
        "\uE0AA": 170,
        "\uE0AB": 171,
        "\uE0AC": 172,
        "\uE0AD": 173,
        "\uE0AE": 174,
        "\uE0AF": 175,
        "\uE0B0": 176,
        "\uE0B1": 177,
        "\uE0B2": 178,
        "\uE0B3": 179,
        "\uE0B4": 180,
        "\uE0B5": 181,
        "\uE0B6": 182,
        "\uE0B7": 183,
        "\uE0B8": 184,
        "\uE0B9": 185,
        "\uE0BA": 186,
        "\uE0BB": 187,
        "\uE0BC": 188,
        "\uE0BD": 189,
        "\uE0BE": 190,
        "\uE0BF": 191,
        "\uE0C0": 192,
        "\uE0C1": 193,
        "\uE0C2": 194,
        "\uE0C3": 195,
        "\uE0C4": 196,
        "\uE0C5": 197,
        "\uE0C6": 198,
        "\uE0C7": 199,
        "\uE0C8": 200,
        "\uE0C9": 201,
        "\uE0CA": 202,
        "\uE0CB": 203,
        "\uE0CC": 204,
        "\uE0CD": 205,
        "\uE0CE": 206,
        "\uE0CF": 207,
        "\uE0D0": 208,
        "\uE0D1": 209,
        "\uE0D2": 210,
        "\uE0D3": 211,
        "\uE0D4": 212,
        "\uE0D5": 213,
        "\uE0D6": 214,
        "\uE0D7": 215,
        "\uE0D8": 216,
        "\uE0D9": 217,
        "\uE0DA": 218,
        "\uE0DB": 219,
        "\uE0DC": 220,
        "\uE0DD": 221,
        "\uE0DE": 222,
        "\uE0DF": 223,
        "\uE0E0": 224,
        "\uE0E1": 225,
        "\uE0E2": 226,
        "\uE0E3": 227,
        "\uE0E4": 228,
        "\uE0E5": 229,
        "\uE0E6": 230,
        "\uE0E7": 231,
        "\uE0E8": 232,
        "\uE0E9": 233,
        "\uE0EA": 234,
        "\uE0EB": 235,
        "\uE0EC": 236,
        "\uE0ED": 237,
        "\uE0EE": 238,
        "\uE0EF": 239,
        "\uE0F0": 240,
        "\uE0F1": 241,
        "\uE0F2": 242,
        "\uE0F3": 243,
        "\uE0F4": 244,
        "\uE0F5": 245,
        "\uE0F6": 246,
        "\uE0F7": 247,
        "\uE0F8": 248,
        "\uE0F9": 249,
        "\uE0FA": 250,
        "\uE0FB": 251,
        "\uE0FC": 252,
        "\uE0FD": 253,
        "\uE0FE": 254,
        "\uE0FF": 255,
        "\uE100": 256,
        "\uE101": 257,
        "\uE102": 258,
        "\uE103": 259,
        "\uE104": 260,
        "\uE105": 261,
        "\uE106": 262,
        "\uE107": 263,
        "\uE108": 264,
        "\uE109": 265,
        "\uE10A": 266,
        "\uE10B": 267,
        "\uE10C": 268,
        "\uE10D": 269,
        "\uE10E": 270,
        "\uE10F": 271,
        "\uE110": 272,
        "\uE111": 273,
        "\uE112": 274,
        "\uE113": 275,
        "\uE114": 276,
        "\uE115": 277,
        "\uE116": 278,
        "\uE117": 279,
        "\uE118": 280,
        "\uE119": 281,
        "\uE11A": 282,
        "\uE11B": 283,
        "\uE11C": 284,
        "\uE11D": 285,
        "\uE11E": 286,
        "\uE11F": 287,
        "\uE120": 288,
        "\uE121": 289,
        "\uE122": 290,
        "\uE123": 291,
        "\uE124": 292,
        "\uE125": 293,
        "\uE126": 294,
        "\uE127": 295,
        "\uE128": 296,
        "\uE129": 297,
        "\uE12A": 298,
        "\uE12B": 299,
        "\uE12C": 300,
        "\uE12D": 301,
        "\uE12E": 302,
        "\uE12F": 303,
        "\uE130": 304,
        "\uE131": 305,
        "\uE132": 306,
        "\uE133": 307,
        "\uE134": 308,
        "\uE135": 309,
        "\uE136": 310,
        "\uE137": 311,
        "\uE138": 312,
        "\uE139": 313,
        "\uE13A": 314,
        "\uE13B": 315,
        "\uE13C": 316,
        "\uE13D": 317,
        "\uE13E": 318,
        "\uE13F": 319,
        "\uE140": 320,
        "\uE141": 321,
        "\uE142": 322,
        "\uE143": 323,
        "\uE144": 324,
        "\uE145": 325,
        "\uE146": 326,
        "\uE147": 327,
        "\uE148": 328,
        "\uE149": 329,
        "\uE14A": 330,
        "\uE14B": 331,
        "\uE14C": 332,
        "\uE14D": 333,
        "\uE14E": 334,
        "\uE14F": 335,
        "\uE150": 336,
        "\uE151": 337,
        "\uE152": 338,
        "\uE153": 339,
        "\uE154": 340,
        "\uE155": 341,
        "\uE156": 342,
        "\uE157": 343,
        "\uE158": 344,
        "\uE159": 345,
        "\uE15A": 346,
        "\uE15B": 347,
        "\uE15C": 348,
        "\uE15D": 349,
        "\uE15E": 350,
        "\uE15F": 351,
        "\uE160": 352,
        "\uE161": 353,
        "\uE162": 354,
        "\uE163": 355,
        "\uE164": 356,
        "\uE165": 357,
        "\uE166": 358,
        "\uE167": 359,
        "\uE168": 360,
        "\uE169": 361,
        "\uE16A": 362,
        "\uE16B": 363,
        "\uE16C": 364,
        "\uE16D": 365,
        "\uE16E": 366,
        "\uE16F": 367,
        "\uE170": 368,
        "\uE171": 369,
        "\uE172": 370,
        "\uE173": 371,
        "\uE174": 372,
        "\uE175": 373,
        "\uE176": 374,
        "\uE177": 375,
        "\uE178": 376,
        "\uE179": 377,
        "\uE17A": 378,
        "\uE17B": 379,
        "\uE17C": 380,
        "\uE17D": 381,
        "\uE17E": 382,
        "\uE17F": 383,
        "\uE180": 384,
        "\uE181": 385,
        "\uE182": 386,
        "\uE183": 387,
        "\uE184": 388,
        "\uE185": 389,
        "\uE186": 390,
        "\uE187": 391,
        "\uE188": 392,
        "\uE189": 393,
        "\uE18A": 394,
        "\uE18B": 395,
        "\uE18C": 396,
        "\uE18D": 397,
        "\uE18E": 398,
        "\uE18F": 399,
        "\uE190": 400,
        "\uE191": 401,
        "\uE192": 402,
        "\uE193": 403,
        "\uE194": 404,
        "\uE195": 405,
        "\uE196": 406,
        "\uE197": 407,
        "\uE198": 408,
        "\uE199": 409,
        "\uE19A": 410,
        "\uE19B": 411,
        "\uE19C": 412,
        "\uE19D": 413,
        "\uE19E": 414,
        "\uE19F": 415,
        "\uE1A0": 416,
        "\uE1A1": 417,
        "\uE1A2": 418,
        "\uE1A3": 419,
        "\uE1A4": 420,
        "\uE1A5": 421,
        "\uE1A6": 422,
        "\uE1A7": 423,
        "\uE1A8": 424,
        "\uE1A9": 425,
        "\uE1AA": 426,
        "\uE1AB": 427,
        "\uE1AC": 428,
        "\uE1AD": 429,
        "\uE1AE": 430,
        "\uE1AF": 431,
        "\uE1B0": 432,
        "\uE1B1": 433,
        "\uE1B2": 434,
        "\uE1B3": 435,
        "\uE1B4": 436,
        "\uE1B5": 437,
        "\uE1B6": 438,
        "\uE1B7": 439,
        "\uE1B8": 440,
        "\uE1B9": 441,
        "\uE1BA": 442,
        "\uE1BB": 443,
        "\uE1BC": 444,
        "\uE1BD": 445,
        "\uE1BE": 446,
        "\uE1BF": 447,
        "\uE1C0": 448,
        "\uE1C1": 449,
        "\uE1C2": 450,
        "\uE1C3": 451,
        "\uE1C4": 452,
        "\uE1C5": 453,
        "\uE1C6": 454,
        "\uE1C7": 455,
        "\uE1C8": 456,
        "\uE1C9": 457,
        "\uE1CA": 458,
        "\uE1CB": 459,
        "\uE1CC": 460,
        "\uE1CD": 461,
        "\uE1CE": 462,
        "\uE1CF": 463,
        "\uE1D0": 464,
        "\uE1D1": 465,
        "\uE1D2": 466,
        "\uE1D3": 467,
        "\uE1D4": 468,
        "\uE1D5": 469,
        "\uE1D6": 470,
        "\uE1D7": 471,
        "\uE1D8": 472,
        "\uE1D9": 473,
        "\uE1DA": 474,
        "\uE1DB": 475,
        "\uE1DC": 476,
        "\uE1DD": 477,
        "\uE1DE": 478,
        "\uE1DF": 479,
        "\uE1E0": 480,
        "\uE1E1": 481,
        "\uE1E2": 482,
        "\uE1E3": 483,
        "\uE1E4": 484,
        "\uE1E5": 485,
        "\uE1E6": 486,
        "\uE1E7": 487,
        "\uE1E8": 488,
        "\uE1E9": 489,
        "\uE1EA": 490,
        "\uE1EB": 491,
        "\uE1EC": 492,
        "\uE1ED": 493,
        "\uE1EE": 494,
        "\uE1EF": 495,
        "\uE1F0": 496,
        "\uE1F1": 497,
        "\uE1F2": 498,
        "\uE1F3": 499,
        "\uE1F4": 500,
        "\uE1F5": 501,
        "\uE1F6": 502,
        "\uE1F7": 503,
        "\uE1F8": 504,
        "\uE1F9": 505,
        "\uE1FA": 506,
        "\uE1FB": 507,
        "\uE1FC": 508,
        "\uE1FD": 509,
        "\uE1FE": 510,
        "\uE1FF": 511,
        "\uE200": 512,
        "\uE201": 513,
        "\uE202": 514,
        "\uE203": 515,
        "\uE204": 516,
        "\uE205": 517,
        "\uE206": 518,
        "\uE207": 519,
        "\uE208": 520,
        "\uE209": 521,
        "\uE20A": 522,
        "\uE20B": 523,
        "\uE20C": 524,
        "\uE20D": 525,
        "\uE20E": 526,
        "\uE20F": 527,
        "\uE210": 528,
        "\uE211": 529,
        "\uE212": 530,
        "\uE213": 531,
        "\uE214": 532,
        "\uE215": 533,
        "\uE216": 534,
        "\uE217": 535,
        "\uE218": 536,
        "\uE219": 537,
        "\uE21A": 538,
        "\uE21B": 539,
        "\uE21C": 540,
        "\uE21D": 541,
        "\uE21E": 542,
        "\uE21F": 543,
        "\uE220": 544,
        "\uE221": 545,
        "\uE222": 546,
        "\uE223": 547,
        "\uE224": 548,
        "\uE225": 549,
        "\uE226": 550,
        "\uE227": 551,
        "\uE228": 552,
        "\uE229": 553,
        "\uE22A": 554,
        "\uE22B": 555,
        "\uE22C": 556,
        "\uE22D": 557,
        "\uE22E": 558,
        "\uE22F": 559,
        "\uE230": 560,
        "\uE231": 561,
        "\uE232": 562,
        "\uE233": 563,
        "\uE234": 564,
        "\uE235": 565,
        "\uE236": 566,
        "\uE237": 567,
        "\uE238": 568,
        "\uE239": 569,
        "\uE23A": 570,
        "\uE23B": 571,
        "\uE23C": 572,
        "\uE23D": 573,
        "\uE23E": 574,
        "\uE23F": 575,
        "\uE240": 576,
        "\uE241": 577,
        "\uE242": 578,
        "\uE243": 579,
        "\uE244": 580,
        "\uE245": 581,
        "\uE246": 582,
        "\uE247": 583,
        "\uE248": 584,
        "\uE249": 585,
        "\uE24A": 586,
        "\uE24B": 587,
        "\uE24C": 588,
        "\uE24D": 589,
        "\uE24E": 590,
        "\uE24F": 591,
        "\uE250": 592,
        "\uE251": 593,
        "\uE252": 594,
        "\uE253": 595,
        "\uE254": 596,
        "\uE255": 597,
        "\uE256": 598,
        "\uE257": 599,
        "\uE258": 600,
        "\uE259": 601,
        "\uE25A": 602,
        "\uE25B": 603,
        "\uE25C": 604,
        "\uE25D": 605,
        "\uE25E": 606,
        "\uE25F": 607,
        "\uE260": 608,
        "\uE261": 609,
        "\uE262": 610,
        "\uE263": 611,
        "\uE264": 612,
        "\uE265": 613,
        "\uE266": 614,
        "\uE267": 615,
        "\uE268": 616,
        "\uE269": 617,
        "\uE26A": 618,
        "\uE26B": 619,
        "\uE26C": 620,
        "\uE26D": 621,
        "\uE26E": 622,
        "\uE26F": 623,
        "\uE270": 624,
        "\uE271": 625,
        "\uE272": 626,
        "\uE273": 627,
        "\uE274": 628,
        "\uE275": 629,
        "\uE276": 630,
        "\uE277": 631,
        "\uE278": 632,
        "\uE279": 633,
        "\uE27A": 634,
        "\uE27B": 635,
        "\uE27C": 636,
        "\uE27D": 637,
        "\uE27E": 638,
        "\uE27F": 639,
        "\uE280": 640,
        "\uE281": 641,
        "\uE282": 642,
        "\uE283": 643,
        "\uE284": 644,
        "\uE285": 645,
        "\uE286": 646,
        "\uE287": 647,
        "\uE288": 648,
        "\uE289": 649,
        "\uE28A": 650,
        "\uE28B": 651,
        "\uE28C": 652,
        "\uE28D": 653,
        "\uE28E": 654,
        "\uE28F": 655,
        "\uE290": 656,
        "\uE291": 657,
        "\uE292": 658,
        "\uE293": 659,
        "\uE294": 660,
        "\uE295": 661,
        "\uE296": 662,
        "\uE297": 663,
        "\uE298": 664,
        "\uE299": 665,
        "\uE29A": 666,
        "\uE29B": 667,
        "\uE29C": 668,
        "\uE29D": 669,
        "\uE29E": 670,
        "\uE29F": 671,
        "\uE2A0": 672,
        "\uE2A1": 673,
        "\uE2A2": 674,
        "\uE2A3": 675,
        "\uE2A4": 676,
        "\uE2A5": 677,
        "\uE2A6": 678,
        "\uE2A7": 679,
        "\uE2A8": 680,
        "\uE2A9": 681,
        "\uE2AA": 682,
        "\uE2AB": 683,
        "\uE2AC": 684,
        "\uE2AD": 685,
        "\uE2AE": 686,
        "\uE2AF": 687,
        "\uE2B0": 688,
        "\uE2B1": 689,
        "\uE2B2": 690,
        "\uE2B3": 691,
        "\uE2B4": 692,
        "\uE2B5": 693,
        "\uE2B6": 694,
        "\uE2B7": 695,
        "\uE2B8": 696,
        "\uE2B9": 697,
        "\uE2BA": 698,
        "\uE2BB": 699,
        "\uE2BC": 700,
        "\uE2BD": 701,
        "\uE2BE": 702,
        "\uE2BF": 703,
        "\uE2C0": 704,
        "\uE2C1": 705,
        "\uE2C2": 706,
        "\uE2C3": 707,
        "\uE2C4": 708,
        "\uE2C5": 709,
        "\uE2C6": 710,
        "\uE2C7": 711,
        "\uE2C8": 712,
        "\uE2C9": 713,
        "\uE2CA": 714,
        "\uE2CB": 715,
        "\uE2CC": 716,
        "\uE2CD": 717,
        "\uE2CE": 718,
        "\uE2CF": 719,
        "\uE2D0": 720,
        "\uE2D1": 721,
        "\uE2D2": 722,
        "\uE2D3": 723,
        "\uE2D4": 724,
        "\uE2D5": 725,
        "\uE2D6": 726,
        "\uE2D7": 727,
        "\uE2D8": 728,
        "\uE2D9": 729,
        "\uE2DA": 730,
        "\uE2DB": 731,
        "\uE2DC": 732,
        "\uE2DD": 733,
        "\uE2DE": 734,
        "\uE2DF": 735,
        "\uE2E0": 736,
        "\uE2E1": 737,
        "\uE2E2": 738,
        "\uE2E3": 739,
        "\uE2E4": 740,
        "\uE2E5": 741,
        "\uE2E6": 742,
        "\uE2E7": 743,
        "\uE2E8": 744,
        "\uE2E9": 745,
        "\uE2EA": 746,
        "\uE2EB": 747,
        "\uE2EC": 748,
        "\uE2ED": 749,
        "\uE2EE": 750,
        "\uE2EF": 751,
        "\uE2F0": 752,
        "\uE2F1": 753,
        "\uE2F2": 754,
        "\uE2F3": 755,
        "\uE2F4": 756,
        "\uE2F5": 757,
        "\uE2F6": 758,
        "\uE2F7": 759,
        "\uE2F8": 760,
        "\uE2F9": 761,
        "\uE2FA": 762,
        "\uE2FB": 763,
        "\uE2FC": 764,
        "\uE2FD": 765,
        "\uE2FE": 766,
        "\uE2FF": 767,
        "\uE300": 768,
        "\uE301": 769,
        "\uE302": 770,
        "\uE303": 771,
        "\uE304": 772,
        "\uE305": 773,
        "\uE306": 774,
        "\uE307": 775,
        "\uE308": 776,
        "\uE309": 777,
        "\uE30A": 778,
        "\uE30B": 779,
        "\uE30C": 780,
        "\uE30D": 781,
        "\uE30E": 782,
        "\uE30F": 783,
        "\uE310": 784,
        "\uE311": 785,
        "\uE312": 786,
        "\uE313": 787,
        "\uE314": 788,
        "\uE315": 789,
        "\uE316": 790,
        "\uE317": 791,
        "\uE318": 792,
        "\uE319": 793,
        "\uE31A": 794,
        "\uE31B": 795,
        "\uE31C": 796,
        "\uE31D": 797,
        "\uE31E": 798,
        "\uE31F": 799,
        "\uE320": 800,
        "\uE321": 801,
        "\uE322": 802,
        "\uE323": 803,
        "\uE324": 804,
        "\uE325": 805,
        "\uE326": 806,
        "\uE327": 807,
        "\uE328": 808,
        "\uE329": 809,
        "\uE32A": 810,
        "\uE32B": 811,
        "\uE32C": 812,
        "\uE32D": 813,
        "\uE32E": 814,
        "\uE32F": 815,
        "\uE330": 816,
        "\uE331": 817,
        "\uE332": 818,
        "\uE333": 819,
        "\uE334": 820,
        "\uE335": 821,
        "\uE336": 822,
        "\uE337": 823,
        "\uE338": 824,
        "\uE339": 825,
        "\uE33A": 826,
        "\uE33B": 827,
        "\uE33C": 828,
        "\uE33D": 829,
        "\uE33E": 830,
        "\uE33F": 831,
        "\uE340": 832,
        "\uE341": 833,
        "\uE342": 834,
        "\uE343": 835,
        "\uE344": 836,
        "\uE345": 837,
        "\uE346": 838,
        "\uE347": 839,
        "\uE348": 840,
        "\uE349": 841,
        "\uE34A": 842,
        "\uE34B": 843,
        "\uE34C": 844,
        "\uE34D": 845,
        "\uE34E": 846,
        "\uE34F": 847,
        "\uE350": 848,
        "\uE351": 849,
        "\uE352": 850,
        "\uE353": 851,
        "\uE354": 852,
        "\uE355": 853,
        "\uE356": 854,
        "\uE357": 855,
        "\uE358": 856,
        "\uE359": 857,
        "\uE35A": 858,
        "\uE35B": 859,
        "\uE35C": 860,
        "\uE35D": 861,
        "\uE35E": 862,
        "\uE35F": 863,
        "\uE360": 864,
        "\uE361": 865,
        "\uE362": 866,
        "\uE363": 867,
        "\uE364": 868,
        "\uE365": 869,
        "\uE366": 870,
        "\uE367": 871,
        "\uE368": 872,
        "\uE369": 873,
        "\uE36A": 874,
        "\uE36B": 875,
        "\uE36C": 876,
        "\uE36D": 877,
        "\uE36E": 878,
        "\uE36F": 879,
        "\uE370": 880,
        "\uE371": 881,
        "\uE372": 882,
        "\uE373": 883,
        "\uE374": 884,
        "\uE375": 885,
        "\uE376": 886,
        "\uE377": 887,
        "\uE378": 888,
        "\uE379": 889,
        "\uE37A": 890,
        "\uE37B": 891,
        "\uE37C": 892,
        "\uE37D": 893,
        "\uE37E": 894,
        "\uE37F": 895,
        "\uE380": 896,
        "\uE381": 897,
        "\uE382": 898,
        "\uE383": 899,
        "\uE384": 900,
        "\uE385": 901,
        "\uE386": 902,
        "\uE387": 903,
        "\uE388": 904,
        "\uE389": 905,
        "\uE38A": 906,
        "\uE38B": 907,
        "\uE38C": 908,
        "\uE38D": 909,
        "\uE38E": 910,
        "\uE38F": 911,
        "\uE390": 912,
        "\uE391": 913,
        "\uE392": 914,
        "\uE393": 915,
        "\uE394": 916,
        "\uE395": 917,
        "\uE396": 918,
        "\uE397": 919,
        "\uE398": 920,
        "\uE399": 921,
        "\uE39A": 922,
        "\uE39B": 923,
        "\uE39C": 924,
        "\uE39D": 925,
        "\uE39E": 926,
        "\uE39F": 927,
        "\uE3A0": 928,
        "\uE3A1": 929,
        "\uE3A2": 930,
        "\uE3A3": 931,
        "\uE3A4": 932,
        "\uE3A5": 933,
        "\uE3A6": 934,
        "\uE3A7": 935,
        "\uE3A8": 936,
        "\uE3A9": 937,
        "\uE3AA": 938,
        "\uE3AB": 939,
        "\uE3AC": 940,
        "\uE3AD": 941,
        "\uE3AE": 942,
        "\uE3AF": 943,
        "\uE3B0": 944,
        "\uE3B1": 945,
        "\uE3B2": 946,
        "\uE3B3": 947,
        "\uE3B4": 948,
        "\uE3B5": 949,
        "\uE3B6": 950,
        "\uE3B7": 951,
        "\uE3B8": 952,
        "\uE3B9": 953,
        "\uE3BA": 954,
        "\uE3BB": 955,
        "\uE3BC": 956,
        "\uE3BD": 957,
        "\uE3BE": 958,
        "\uE3BF": 959,
        "\uE3C0": 960,
        "\uE3C1": 961,
        "\uE3C2": 962,
        "\uE3C3": 963,
        "\uE3C4": 964,
        "\uE3C5": 965,
        "\uE3C6": 966,
        "\uE3C7": 967,
        "\uE3C8": 968,
        "\uE3C9": 969,
        "\uE3CA": 970,
        "\uE3CB": 971,
        "\uE3CC": 972,
        "\uE3CD": 973,
        "\uE3CE": 974,
        "\uE3CF": 975,
        "\uE3D0": 976,
        "\uE3D1": 977,
        "\uE3D2": 978,
        "\uE3D3": 979,
        "\uE3D4": 980,
        "\uE3D5": 981,
        "\uE3D6": 982,
        "\uE3D7": 983,
        "\uE3D8": 984,
        "\uE3D9": 985,
        "\uE3DA": 986,
        "\uE3DB": 987,
        "\uE3DC": 988,
        "\uE3DD": 989,
        "\uE3DE": 990,
        "\uE3DF": 991,
        "\uE3E0": 992,
        "\uE3E1": 993,
        "\uE3E2": 994,
        "\uE3E3": 995,
        "\uE3E4": 996,
        "\uE3E5": 997,
        "\uE3E6": 998,
        "\uE3E7": 999,
        "\uE3E8": 1000,
        "\uE3E9": 1001,
        "\uE3EA": 1002,
        "\uE3EB": 1003,
        "\uE3EC": 1004,
        "\uE3ED": 1005,
        "\uE3EE": 1006,
        "\uE3EF": 1007,
        "\uE3F0": 1008,
        "\uE3F1": 1009,
        "\uE3F2": 1010,
        "\uE3F3": 1011,
        "\uE3F4": 1012,
        "\uE3F5": 1013,
        "\uE3F6": 1014,
        "\uE3F7": 1015,
        "\uE3F8": 1016,
        "\uE3F9": 1017,
        "\uE3FA": 1018,
        "\uE3FB": 1019,
        "\uE3FC": 1020,
        "\uE3FD": 1021,
        "\uE3FE": 1022,
        "\uE3FF": 1023,
        "\uE400": 1024,
        "\uE401": 1025,
        "\uE402": 1026,
        "\uE403": 1027,
        "\uE404": 1028,
        "\uE405": 1029,
        "\uE406": 1030,
        "\uE407": 1031,
        "\uE408": 1032,
        "\uE409": 1033,
        "\uE40A": 1034,
        "\uE40B": 1035,
        "\uE40C": 1036,
        "\uE40D": 1037,
        "\uE40E": 1038,
        "\uE40F": 1039,
        "\uE410": 1040,
        "\uE411": 1041,
        "\uE412": 1042,
        "\uE413": 1043,
        "\uE414": 1044,
        "\uE415": 1045,
        "\uE416": 1046,
        "\uE417": 1047,
        "\uE418": 1048,
        "\uE419": 1049,
        "\uE41A": 1050,
        "\uE41B": 1051,
        "\uE41C": 1052,
        "\uE41D": 1053,
        "\uE41E": 1054,
        "\uE41F": 1055,
        "\uE420": 1056,
        "\uE421": 1057,
        "\uE422": 1058,
        "\uE423": 1059,
        "\uE424": 1060,
        "\uE425": 1061,
        "\uE426": 1062,
        "\uE427": 1063,
        "\uE428": 1064,
        "\uE429": 1065,
        "\uE42A": 1066,
        "\uE42B": 1067,
        "\uE42C": 1068,
        "\uE42D": 1069,
        "\uE42E": 1070,
        "\uE42F": 1071,
        "\uE430": 1072,
        "\uE431": 1073,
        "\uE432": 1074,
        "\uE433": 1075,
        "\uE434": 1076,
        "\uE435": 1077,
        "\uE436": 1078,
        "\uE437": 1079,
        "\uE438": 1080,
        "\uE439": 1081,
        "\uE43A": 1082,
        "\uE43B": 1083,
        "\uE43C": 1084,
        "\uE43D": 1085,
        "\uE43E": 1086,
        "\uE43F": 1087,
        "\uE440": 1088,
        "\uE441": 1089,
        "\uE442": 1090,
        "\uE443": 1091,
        "\uE444": 1092,
        "\uE445": 1093,
        "\uE446": 1094,
        "\uE447": 1095,
        "\uE448": 1096,
        "\uE449": 1097,
        "\uE44A": 1098,
        "\uE44B": 1099,
        "\uE44C": 1100,
        "\uE44D": 1101,
        "\uE44E": 1102,
        "\uE44F": 1103,
        "\uE450": 1104,
        "\uE451": 1105,
        "\uE452": 1106,
        "\uE453": 1107,
        "\uE454": 1108,
        "\uE455": 1109,
        "\uE456": 1110,
        "\uE457": 1111,
        "\uE458": 1112,
        "\uE459": 1113,
        "\uE45A": 1114,
        "\uE45B": 1115,
        "\uE45C": 1116,
        "\uE45D": 1117,
        "\uE45E": 1118,
        "\uE45F": 1119,
        "\uE460": 1120,
        "\uE461": 1121,
        "\uE462": 1122,
        "\uE463": 1123,
        "\uE464": 1124,
        "\uE465": 1125,
        "\uE466": 1126,
        "\uE467": 1127,
        "\uE468": 1128,
        "\uE469": 1129,
        "\uE46A": 1130,
        "\uE46B": 1131,
        "\uE46C": 1132,
        "\uE46D": 1133,
        "\uE46E": 1134,
        "\uE46F": 1135,
        "\uE470": 1136,
        "\uE471": 1137,
        "\uE472": 1138,
        "\uE473": 1139,
        "\uE474": 1140,
        "\uE475": 1141,
        "\uE476": 1142,
        "\uE477": 1143,
        "\uE478": 1144,
        "\uE479": 1145,
        "\uE47A": 1146,
        "\uE47B": 1147,
        "\uE47C": 1148,
        "\uE47D": 1149,
        "\uE47E": 1150,
        "\uE47F": 1151,
        "\uE480": 1152,
        "\uE481": 1153,
        "\uE482": 1154,
        "\uE483": 1155,
        "\uE484": 1156,
        "\uE485": 1157,
        "\uE486": 1158,
        "\uE487": 1159,
        "\uE488": 1160,
        "\uE489": 1161,
        "\uE48A": 1162,
        "\uE48B": 1163,
        "\uE48C": 1164,
        "\uE48D": 1165,
        "\uE48E": 1166,
        "\uE48F": 1167,
        "\uE490": 1168,
        "\uE491": 1169,
        "\uE492": 1170,
        "\uE493": 1171,
        "\uE494": 1172,
        "\uE495": 1173,
        "\uE496": 1174,
        "\uE497": 1175,
        "\uE498": 1176,
        "\uE499": 1177,
        "\uE49A": 1178,
        "\uE49B": 1179,
        "\uE49C": 1180,
        "\uE49D": 1181,
        "\uE49E": 1182,
        "\uE49F": 1183,
        "\uE4A0": 1184,
        "\uE4A1": 1185,
        "\uE4A2": 1186,
        "\uE4A3": 1187,
        "\uE4A4": 1188,
        "\uE4A5": 1189,
        "\uE4A6": 1190,
        "\uE4A7": 1191,
        "\uE4A8": 1192,
        "\uE4A9": 1193,
        "\uE4AA": 1194,
        "\uE4AB": 1195,
        "\uE4AC": 1196,
        "\uE4AD": 1197,
        "\uE4AE": 1198,
        "\uE4AF": 1199,
        "\uE4B0": 1200,
        "\uE4B1": 1201,
        "\uE4B2": 1202,
        "\uE4B3": 1203,
        "\uE4B4": 1204,
        "\uE4B5": 1205,
        "\uE4B6": 1206,
        "\uE4B7": 1207,
        "\uE4B8": 1208,
        "\uE4B9": 1209,
        "\uE4BA": 1210,
        "\uE4BB": 1211,
        "\uE4BC": 1212,
        "\uE4BD": 1213,
        "\uE4BE": 1214,
        "\uE4BF": 1215,
        "\uE4C0": 1216,
        "\uE4C1": 1217,
        "\uE4C2": 1218,
        "\uE4C3": 1219,
        "\uE4C4": 1220,
        "\uE4C5": 1221,
        "\uE4C6": 1222,
        "\uE4C7": 1223,
        "\uE4C8": 1224,
        "\uE4C9": 1225,
        "\uE4CA": 1226,
        "\uE4CB": 1227,
        "\uE4CC": 1228,
        "\uE4CD": 1229,
        "\uE4CE": 1230,
        "\uE4CF": 1231,
        "\uE4D0": 1232,
        "\uE4D1": 1233,
        "\uE4D2": 1234,
        "\uE4D3": 1235,
        "\uE4D4": 1236,
        "\uE4D5": 1237,
        "\uE4D6": 1238,
        "\uE4D7": 1239,
        "\uE4D8": 1240,
        "\uE4D9": 1241,
        "\uE4DA": 1242,
        "\uE4DB": 1243,
        "\uE4DC": 1244,
        "\uE4DD": 1245,
        "\uE4DE": 1246,
        "\uE4DF": 1247,
        "\uE4E0": 1248,
        "\uE4E1": 1249,
        "\uE4E2": 1250,
        "\uE4E3": 1251,
        "\uE4E4": 1252,
        "\uE4E5": 1253,
        "\uE4E6": 1254,
        "\uE4E7": 1255,
        "\uE4E8": 1256,
        "\uE4E9": 1257,
        "\uE4EA": 1258,
        "\uE4EB": 1259,
        "\uE4EC": 1260,
        "\uE4ED": 1261,
        "\uE4EE": 1262,
        "\uE4EF": 1263,
        "\uE4F0": 1264,
        "\uE4F1": 1265,
        "\uE4F2": 1266,
        "\uE4F3": 1267,
        "\uE4F4": 1268,
        "\uE4F5": 1269,
        "\uE4F6": 1270,
        "\uE4F7": 1271,
        "\uE4F8": 1272,
        "\uE4F9": 1273,
        "\uE4FA": 1274,
        "\uE4FB": 1275,
        "\uE4FC": 1276,
        "\uE4FD": 1277,
        "\uE4FE": 1278,
        "\uE4FF": 1279,
        "\uE500": 1280,
        "\uF001": -1,
        "\uF002": -2,
        "\uF003": -3,
        "\uF004": -4,
        "\uF005": -5,
        "\uF006": -6,
        "\uF007": -7,
        "\uF008": -8,
        "\uF009": -9,
        "\uF00A": -10,
        "\uF00B": -11,
        "\uF00C": -12,
        "\uF00D": -13,
        "\uF00E": -14,
        "\uF00F": -15,
        "\uF010": -16,
        "\uF011": -17,
        "\uF012": -18,
        "\uF013": -19,
        "\uF014": -20,
        "\uF015": -21,
        "\uF016": -22,
        "\uF017": -23,
        "\uF018": -24,
        "\uF019": -25,
        "\uF01A": -26,
        "\uF01B": -27,
        "\uF01C": -28,
        "\uF01D": -29,
        "\uF01E": -30,
        "\uF01F": -31,
        "\uF020": -32,
        "\uF021": -33,
        "\uF022": -34,
        "\uF023": -35,
        "\uF024": -36,
        "\uF025": -37,
        "\uF026": -38,
        "\uF027": -39,
        "\uF028": -40,
        "\uF029": -41,
        "\uF02A": -42,
        "\uF02B": -43,
        "\uF02C": -44,
        "\uF02D": -45,
        "\uF02E": -46,
        "\uF02F": -47,
        "\uF030": -48,
        "\uF031": -49,
        "\uF032": -50,
        "\uF033": -51,
        "\uF034": -52,
        "\uF035": -53,
        "\uF036": -54,
        "\uF037": -55,
        "\uF038": -56,
        "\uF039": -57,
        "\uF03A": -58,
        "\uF03B": -59,
        "\uF03C": -60,
        "\uF03D": -61,
        "\uF03E": -62,
        "\uF03F": -63,
        "\uF040": -64,
        "\uF041": -65,
        "\uF042": -66,
        "\uF043": -67,
        "\uF044": -68,
        "\uF045": -69,
        "\uF046": -70,
        "\uF047": -71,
        "\uF048": -72,
        "\uF049": -73,
        "\uF04A": -74,
        "\uF04B": -75,
        "\uF04C": -76,
        "\uF04D": -77,
        "\uF04E": -78,
        "\uF04F": -79,
        "\uF050": -80,
        "\uF051": -81,
        "\uF052": -82,
        "\uF053": -83,
        "\uF054": -84,
        "\uF055": -85,
        "\uF056": -86,
        "\uF057": -87,
        "\uF058": -88,
        "\uF059": -89,
        "\uF05A": -90,
        "\uF05B": -91,
        "\uF05C": -92,
        "\uF05D": -93,
        "\uF05E": -94,
        "\uF05F": -95,
        "\uF060": -96,
        "\uF061": -97,
        "\uF062": -98,
        "\uF063": -99,
        "\uF064": -100,
        "\uF065": -101,
        "\uF066": -102,
        "\uF067": -103,
        "\uF068": -104,
        "\uF069": -105,
        "\uF06A": -106,
        "\uF06B": -107,
        "\uF06C": -108,
        "\uF06D": -109,
        "\uF06E": -110,
        "\uF06F": -111,
        "\uF070": -112,
        "\uF071": -113,
        "\uF072": -114,
        "\uF073": -115,
        "\uF074": -116,
        "\uF075": -117,
        "\uF076": -118,
        "\uF077": -119,
        "\uF078": -120,
        "\uF079": -121,
        "\uF07A": -122,
        "\uF07B": -123,
        "\uF07C": -124,
        "\uF07D": -125,
        "\uF07E": -126,
        "\uF07F": -127,
        "\uF080": -128,
        "\uF081": -129,
        "\uF082": -130,
        "\uF083": -131,
        "\uF084": -132,
        "\uF085": -133,
        "\uF086": -134,
        "\uF087": -135,
        "\uF088": -136,
        "\uF089": -137,
        "\uF08A": -138,
        "\uF08B": -139,
        "\uF08C": -140,
        "\uF08D": -141,
        "\uF08E": -142,
        "\uF08F": -143,
        "\uF090": -144,
        "\uF091": -145,
        "\uF092": -146,
        "\uF093": -147,
        "\uF094": -148,
        "\uF095": -149,
        "\uF096": -150,
        "\uF097": -151,
        "\uF098": -152,
        "\uF099": -153,
        "\uF09A": -154,
        "\uF09B": -155,
        "\uF09C": -156,
        "\uF09D": -157,
        "\uF09E": -158,
        "\uF09F": -159,
        "\uF0A0": -160,
        "\uF0A1": -161,
        "\uF0A2": -162,
        "\uF0A3": -163,
        "\uF0A4": -164,
        "\uF0A5": -165,
        "\uF0A6": -166,
        "\uF0A7": -167,
        "\uF0A8": -168,
        "\uF0A9": -169,
        "\uF0AA": -170,
        "\uF0AB": -171,
        "\uF0AC": -172,
        "\uF0AD": -173,
        "\uF0AE": -174,
        "\uF0AF": -175,
        "\uF0B0": -176,
        "\uF0B1": -177,
        "\uF0B2": -178,
        "\uF0B3": -179,
        "\uF0B4": -180,
        "\uF0B5": -181,
        "\uF0B6": -182,
        "\uF0B7": -183,
        "\uF0B8": -184,
        "\uF0B9": -185,
        "\uF0BA": -186,
        "\uF0BB": -187,
        "\uF0BC": -188,
        "\uF0BD": -189,
        "\uF0BE": -190,
        "\uF0BF": -191,
        "\uF0C0": -192,
        "\uF0C1": -193,
        "\uF0C2": -194,
        "\uF0C3": -195,
        "\uF0C4": -196,
        "\uF0C5": -197,
        "\uF0C6": -198,
        "\uF0C7": -199,
        "\uF0C8": -200,
        "\uF0C9": -201,
        "\uF0CA": -202,
        "\uF0CB": -203,
        "\uF0CC": -204,
        "\uF0CD": -205,
        "\uF0CE": -206,
        "\uF0CF": -207,
        "\uF0D0": -208,
        "\uF0D1": -209,
        "\uF0D2": -210,
        "\uF0D3": -211,
        "\uF0D4": -212,
        "\uF0D5": -213,
        "\uF0D6": -214,
        "\uF0D7": -215,
        "\uF0D8": -216,
        "\uF0D9": -217,
        "\uF0DA": -218,
        "\uF0DB": -219,
        "\uF0DC": -220,
        "\uF0DD": -221,
        "\uF0DE": -222,
        "\uF0DF": -223,
        "\uF0E0": -224,
        "\uF0E1": -225,
        "\uF0E2": -226,
        "\uF0E3": -227,
        "\uF0E4": -228,
        "\uF0E5": -229,
        "\uF0E6": -230,
        "\uF0E7": -231,
        "\uF0E8": -232,
        "\uF0E9": -233,
        "\uF0EA": -234,
        "\uF0EB": -235,
        "\uF0EC": -236,
        "\uF0ED": -237,
        "\uF0EE": -238,
        "\uF0EF": -239,
        "\uF0F0": -240,
        "\uF0F1": -241,
        "\uF0F2": -242,
        "\uF0F3": -243,
        "\uF0F4": -244,
        "\uF0F5": -245,
        "\uF0F6": -246,
        "\uF0F7": -247,
        "\uF0F8": -248,
        "\uF0F9": -249,
        "\uF0FA": -250,
        "\uF0FB": -251,
        "\uF0FC": -252,
        "\uF0FD": -253,
        "\uF0FE": -254,
        "\uF0FF": -255,
        "\uF100": -256,
        "\uF101": -257,
        "\uF102": -258,
        "\uF103": -259,
        "\uF104": -260,
        "\uF105": -261,
        "\uF106": -262,
        "\uF107": -263,
        "\uF108": -264,
        "\uF109": -265,
        "\uF10A": -266,
        "\uF10B": -267,
        "\uF10C": -268,
        "\uF10D": -269,
        "\uF10E": -270,
        "\uF10F": -271,
        "\uF110": -272,
        "\uF111": -273,
        "\uF112": -274,
        "\uF113": -275,
        "\uF114": -276,
        "\uF115": -277,
        "\uF116": -278,
        "\uF117": -279,
        "\uF118": -280,
        "\uF119": -281,
        "\uF11A": -282,
        "\uF11B": -283,
        "\uF11C": -284,
        "\uF11D": -285,
        "\uF11E": -286,
        "\uF11F": -287,
        "\uF120": -288,
        "\uF121": -289,
        "\uF122": -290,
        "\uF123": -291,
        "\uF124": -292,
        "\uF125": -293,
        "\uF126": -294,
        "\uF127": -295,
        "\uF128": -296,
        "\uF129": -297,
        "\uF12A": -298,
        "\uF12B": -299,
        "\uF12C": -300,
        "\uF12D": -301,
        "\uF12E": -302,
        "\uF12F": -303,
        "\uF130": -304,
        "\uF131": -305,
        "\uF132": -306,
        "\uF133": -307,
        "\uF134": -308,
        "\uF135": -309,
        "\uF136": -310,
        "\uF137": -311,
        "\uF138": -312,
        "\uF139": -313,
        "\uF13A": -314,
        "\uF13B": -315,
        "\uF13C": -316,
        "\uF13D": -317,
        "\uF13E": -318,
        "\uF13F": -319,
        "\uF140": -320,
        "\uF141": -321,
        "\uF142": -322,
        "\uF143": -323,
        "\uF144": -324,
        "\uF145": -325,
        "\uF146": -326,
        "\uF147": -327,
        "\uF148": -328,
        "\uF149": -329,
        "\uF14A": -330,
        "\uF14B": -331,
        "\uF14C": -332,
        "\uF14D": -333,
        "\uF14E": -334,
        "\uF14F": -335,
        "\uF150": -336,
        "\uF151": -337,
        "\uF152": -338,
        "\uF153": -339,
        "\uF154": -340,
        "\uF155": -341,
        "\uF156": -342,
        "\uF157": -343,
        "\uF158": -344,
        "\uF159": -345,
        "\uF15A": -346,
        "\uF15B": -347,
        "\uF15C": -348,
        "\uF15D": -349,
        "\uF15E": -350,
        "\uF15F": -351,
        "\uF160": -352,
        "\uF161": -353,
        "\uF162": -354,
        "\uF163": -355,
        "\uF164": -356,
        "\uF165": -357,
        "\uF166": -358,
        "\uF167": -359,
        "\uF168": -360,
        "\uF169": -361,
        "\uF16A": -362,
        "\uF16B": -363,
        "\uF16C": -364,
        "\uF16D": -365,
        "\uF16E": -366,
        "\uF16F": -367,
        "\uF170": -368,
        "\uF171": -369,
        "\uF172": -370,
        "\uF173": -371,
        "\uF174": -372,
        "\uF175": -373,
        "\uF176": -374,
        "\uF177": -375,
        "\uF178": -376,
        "\uF179": -377,
        "\uF17A": -378,
        "\uF17B": -379,
        "\uF17C": -380,
        "\uF17D": -381,
        "\uF17E": -382,
        "\uF17F": -383,
        "\uF180": -384,
        "\uF181": -385,
        "\uF182": -386,
        "\uF183": -387,
        "\uF184": -388,
        "\uF185": -389,
        "\uF186": -390,
        "\uF187": -391,
        "\uF188": -392,
        "\uF189": -393,
        "\uF18A": -394,
        "\uF18B": -395,
        "\uF18C": -396,
        "\uF18D": -397,
        "\uF18E": -398,
        "\uF18F": -399,
        "\uF190": -400,
        "\uF191": -401,
        "\uF192": -402,
        "\uF193": -403,
        "\uF194": -404,
        "\uF195": -405,
        "\uF196": -406,
        "\uF197": -407,
        "\uF198": -408,
        "\uF199": -409,
        "\uF19A": -410,
        "\uF19B": -411,
        "\uF19C": -412,
        "\uF19D": -413,
        "\uF19E": -414,
        "\uF19F": -415,
        "\uF1A0": -416,
        "\uF1A1": -417,
        "\uF1A2": -418,
        "\uF1A3": -419,
        "\uF1A4": -420,
        "\uF1A5": -421,
        "\uF1A6": -422,
        "\uF1A7": -423,
        "\uF1A8": -424,
        "\uF1A9": -425,
        "\uF1AA": -426,
        "\uF1AB": -427,
        "\uF1AC": -428,
        "\uF1AD": -429,
        "\uF1AE": -430,
        "\uF1AF": -431,
        "\uF1B0": -432,
        "\uF1B1": -433,
        "\uF1B2": -434,
        "\uF1B3": -435,
        "\uF1B4": -436,
        "\uF1B5": -437,
        "\uF1B6": -438,
        "\uF1B7": -439,
        "\uF1B8": -440,
        "\uF1B9": -441,
        "\uF1BA": -442,
        "\uF1BB": -443,
        "\uF1BC": -444,
        "\uF1BD": -445,
        "\uF1BE": -446,
        "\uF1BF": -447,
        "\uF1C0": -448,
        "\uF1C1": -449,
        "\uF1C2": -450,
        "\uF1C3": -451,
        "\uF1C4": -452,
        "\uF1C5": -453,
        "\uF1C6": -454,
        "\uF1C7": -455,
        "\uF1C8": -456,
        "\uF1C9": -457,
        "\uF1CA": -458,
        "\uF1CB": -459,
        "\uF1CC": -460,
        "\uF1CD": -461,
        "\uF1CE": -462,
        "\uF1CF": -463,
        "\uF1D0": -464,
        "\uF1D1": -465,
        "\uF1D2": -466,
        "\uF1D3": -467,
        "\uF1D4": -468,
        "\uF1D5": -469,
        "\uF1D6": -470,
        "\uF1D7": -471,
        "\uF1D8": -472,
        "\uF1D9": -473,
        "\uF1DA": -474,
        "\uF1DB": -475,
        "\uF1DC": -476,
        "\uF1DD": -477,
        "\uF1DE": -478,
        "\uF1DF": -479,
        "\uF1E0": -480,
        "\uF1E1": -481,
        "\uF1E2": -482,
        "\uF1E3": -483,
        "\uF1E4": -484,
        "\uF1E5": -485,
        "\uF1E6": -486,
        "\uF1E7": -487,
        "\uF1E8": -488,
        "\uF1E9": -489,
        "\uF1EA": -490,
        "\uF1EB": -491,
        "\uF1EC": -492,
        "\uF1ED": -493,
        "\uF1EE": -494,
        "\uF1EF": -495,
        "\uF1F0": -496,
        "\uF1F1": -497,
        "\uF1F2": -498,
        "\uF1F3": -499,
        "\uF1F4": -500,
        "\uF1F5": -501,
        "\uF1F6": -502,
        "\uF1F7": -503,
        "\uF1F8": -504,
        "\uF1F9": -505,
        "\uF1FA": -506,
        "\uF1FB": -507,
        "\uF1FC": -508,
        "\uF1FD": -509,
        "\uF1FE": -510,
        "\uF1FF": -511,
        "\uF200": -512,
        "\uF201": -513,
        "\uF202": -514,
        "\uF203": -515,
        "\uF204": -516,
        "\uF205": -517,
        "\uF206": -518,
        "\uF207": -519,
        "\uF208": -520,
        "\uF209": -521,
        "\uF20A": -522,
        "\uF20B": -523,
        "\uF20C": -524,
        "\uF20D": -525,
        "\uF20E": -526,
        "\uF20F": -527,
        "\uF210": -528,
        "\uF211": -529,
        "\uF212": -530,
        "\uF213": -531,
        "\uF214": -532,
        "\uF215": -533,
        "\uF216": -534,
        "\uF217": -535,
        "\uF218": -536,
        "\uF219": -537,
        "\uF21A": -538,
        "\uF21B": -539,
        "\uF21C": -540,
        "\uF21D": -541,
        "\uF21E": -542,
        "\uF21F": -543,
        "\uF220": -544,
        "\uF221": -545,
        "\uF222": -546,
        "\uF223": -547,
        "\uF224": -548,
        "\uF225": -549,
        "\uF226": -550,
        "\uF227": -551,
        "\uF228": -552,
        "\uF229": -553,
        "\uF22A": -554,
        "\uF22B": -555,
        "\uF22C": -556,
        "\uF22D": -557,
        "\uF22E": -558,
        "\uF22F": -559,
        "\uF230": -560,
        "\uF231": -561,
        "\uF232": -562,
        "\uF233": -563,
        "\uF234": -564,
        "\uF235": -565,
        "\uF236": -566,
        "\uF237": -567,
        "\uF238": -568,
        "\uF239": -569,
        "\uF23A": -570,
        "\uF23B": -571,
        "\uF23C": -572,
        "\uF23D": -573,
        "\uF23E": -574,
        "\uF23F": -575,
        "\uF240": -576,
        "\uF241": -577,
        "\uF242": -578,
        "\uF243": -579,
        "\uF244": -580,
        "\uF245": -581,
        "\uF246": -582,
        "\uF247": -583,
        "\uF248": -584,
        "\uF249": -585,
        "\uF24A": -586,
        "\uF24B": -587,
        "\uF24C": -588,
        "\uF24D": -589,
        "\uF24E": -590,
        "\uF24F": -591,
        "\uF250": -592,
        "\uF251": -593,
        "\uF252": -594,
        "\uF253": -595,
        "\uF254": -596,
        "\uF255": -597,
        "\uF256": -598,
        "\uF257": -599,
        "\uF258": -600,
        "\uF259": -601,
        "\uF25A": -602,
        "\uF25B": -603,
        "\uF25C": -604,
        "\uF25D": -605,
        "\uF25E": -606,
        "\uF25F": -607,
        "\uF260": -608,
        "\uF261": -609,
        "\uF262": -610,
        "\uF263": -611,
        "\uF264": -612,
        "\uF265": -613,
        "\uF266": -614,
        "\uF267": -615,
        "\uF268": -616,
        "\uF269": -617,
        "\uF26A": -618,
        "\uF26B": -619,
        "\uF26C": -620,
        "\uF26D": -621,
        "\uF26E": -622,
        "\uF26F": -623,
        "\uF270": -624,
        "\uF271": -625,
        "\uF272": -626,
        "\uF273": -627,
        "\uF274": -628,
        "\uF275": -629,
        "\uF276": -630,
        "\uF277": -631,
        "\uF278": -632,
        "\uF279": -633,
        "\uF27A": -634,
        "\uF27B": -635,
        "\uF27C": -636,
        "\uF27D": -637,
        "\uF27E": -638,
        "\uF27F": -639,
        "\uF280": -640,
        "\uF281": -641,
        "\uF282": -642,
        "\uF283": -643,
        "\uF284": -644,
        "\uF285": -645,
        "\uF286": -646,
        "\uF287": -647,
        "\uF288": -648,
        "\uF289": -649,
        "\uF28A": -650,
        "\uF28B": -651,
        "\uF28C": -652,
        "\uF28D": -653,
        "\uF28E": -654,
        "\uF28F": -655,
        "\uF290": -656,
        "\uF291": -657,
        "\uF292": -658,
        "\uF293": -659,
        "\uF294": -660,
        "\uF295": -661,
        "\uF296": -662,
        "\uF297": -663,
        "\uF298": -664,
        "\uF299": -665,
        "\uF29A": -666,
        "\uF29B": -667,
        "\uF29C": -668,
        "\uF29D": -669,
        "\uF29E": -670,
        "\uF29F": -671,
        "\uF2A0": -672,
        "\uF2A1": -673,
        "\uF2A2": -674,
        "\uF2A3": -675,
        "\uF2A4": -676,
        "\uF2A5": -677,
        "\uF2A6": -678,
        "\uF2A7": -679,
        "\uF2A8": -680,
        "\uF2A9": -681,
        "\uF2AA": -682,
        "\uF2AB": -683,
        "\uF2AC": -684,
        "\uF2AD": -685,
        "\uF2AE": -686,
        "\uF2AF": -687,
        "\uF2B0": -688,
        "\uF2B1": -689,
        "\uF2B2": -690,
        "\uF2B3": -691,
        "\uF2B4": -692,
        "\uF2B5": -693,
        "\uF2B6": -694,
        "\uF2B7": -695,
        "\uF2B8": -696,
        "\uF2B9": -697,
        "\uF2BA": -698,
        "\uF2BB": -699,
        "\uF2BC": -700,
        "\uF2BD": -701,
        "\uF2BE": -702,
        "\uF2BF": -703,
        "\uF2C0": -704,
        "\uF2C1": -705,
        "\uF2C2": -706,
        "\uF2C3": -707,
        "\uF2C4": -708,
        "\uF2C5": -709,
        "\uF2C6": -710,
        "\uF2C7": -711,
        "\uF2C8": -712,
        "\uF2C9": -713,
        "\uF2CA": -714,
        "\uF2CB": -715,
        "\uF2CC": -716,
        "\uF2CD": -717,
        "\uF2CE": -718,
        "\uF2CF": -719,
        "\uF2D0": -720,
        "\uF2D1": -721,
        "\uF2D2": -722,
        "\uF2D3": -723,
        "\uF2D4": -724,
        "\uF2D5": -725,
        "\uF2D6": -726,
        "\uF2D7": -727,
        "\uF2D8": -728,
        "\uF2D9": -729,
        "\uF2DA": -730,
        "\uF2DB": -731,
        "\uF2DC": -732,
        "\uF2DD": -733,
        "\uF2DE": -734,
        "\uF2DF": -735,
        "\uF2E0": -736,
        "\uF2E1": -737,
        "\uF2E2": -738,
        "\uF2E3": -739,
        "\uF2E4": -740,
        "\uF2E5": -741,
        "\uF2E6": -742,
        "\uF2E7": -743,
        "\uF2E8": -744,
        "\uF2E9": -745,
        "\uF2EA": -746,
        "\uF2EB": -747,
        "\uF2EC": -748,
        "\uF2ED": -749,
        "\uF2EE": -750,
        "\uF2EF": -751,
        "\uF2F0": -752,
        "\uF2F1": -753,
        "\uF2F2": -754,
        "\uF2F3": -755,
        "\uF2F4": -756,
        "\uF2F5": -757,
        "\uF2F6": -758,
        "\uF2F7": -759,
        "\uF2F8": -760,
        "\uF2F9": -761,
        "\uF2FA": -762,
        "\uF2FB": -763,
        "\uF2FC": -764,
        "\uF2FD": -765,
        "\uF2FE": -766,
        "\uF2FF": -767,
        "\uF300": -768,
        "\uF301": -769,
        "\uF302": -770,
        "\uF303": -771,
        "\uF304": -772,
        "\uF305": -773,
        "\uF306": -774,
        "\uF307": -775,
        "\uF308": -776,
        "\uF309": -777,
        "\uF30A": -778,
        "\uF30B": -779,
        "\uF30C": -780,
        "\uF30D": -781,
        "\uF30E": -782,
        "\uF30F": -783,
        "\uF310": -784,
        "\uF311": -785,
        "\uF312": -786,
        "\uF313": -787,
        "\uF314": -788,
        "\uF315": -789,
        "\uF316": -790,
        "\uF317": -791,
        "\uF318": -792,
        "\uF319": -793,
        "\uF31A": -794,
        "\uF31B": -795,
        "\uF31C": -796,
        "\uF31D": -797,
        "\uF31E": -798,
        "\uF31F": -799,
        "\uF320": -800,
        "\uF321": -801,
        "\uF322": -802,
        "\uF323": -803,
        "\uF324": -804,
        "\uF325": -805,
        "\uF326": -806,
        "\uF327": -807,
        "\uF328": -808,
        "\uF329": -809,
        "\uF32A": -810,
        "\uF32B": -811,
        "\uF32C": -812,
        "\uF32D": -813,
        "\uF32E": -814,
        "\uF32F": -815,
        "\uF330": -816,
        "\uF331": -817,
        "\uF332": -818,
        "\uF333": -819,
        "\uF334": -820,
        "\uF335": -821,
        "\uF336": -822,
        "\uF337": -823,
        "\uF338": -824,
        "\uF339": -825,
        "\uF33A": -826,
        "\uF33B": -827,
        "\uF33C": -828,
        "\uF33D": -829,
        "\uF33E": -830,
        "\uF33F": -831,
        "\uF340": -832,
        "\uF341": -833,
        "\uF342": -834,
        "\uF343": -835,
        "\uF344": -836,
        "\uF345": -837,
        "\uF346": -838,
        "\uF347": -839,
        "\uF348": -840,
        "\uF349": -841,
        "\uF34A": -842,
        "\uF34B": -843,
        "\uF34C": -844,
        "\uF34D": -845,
        "\uF34E": -846,
        "\uF34F": -847,
        "\uF350": -848,
        "\uF351": -849,
        "\uF352": -850,
        "\uF353": -851,
        "\uF354": -852,
        "\uF355": -853,
        "\uF356": -854,
        "\uF357": -855,
        "\uF358": -856,
        "\uF359": -857,
        "\uF35A": -858,
        "\uF35B": -859,
        "\uF35C": -860,
        "\uF35D": -861,
        "\uF35E": -862,
        "\uF35F": -863,
        "\uF360": -864,
        "\uF361": -865,
        "\uF362": -866,
        "\uF363": -867,
        "\uF364": -868,
        "\uF365": -869,
        "\uF366": -870,
        "\uF367": -871,
        "\uF368": -872,
        "\uF369": -873,
        "\uF36A": -874,
        "\uF36B": -875,
        "\uF36C": -876,
        "\uF36D": -877,
        "\uF36E": -878,
        "\uF36F": -879,
        "\uF370": -880,
        "\uF371": -881,
        "\uF372": -882,
        "\uF373": -883,
        "\uF374": -884,
        "\uF375": -885,
        "\uF376": -886,
        "\uF377": -887,
        "\uF378": -888,
        "\uF379": -889,
        "\uF37A": -890,
        "\uF37B": -891,
        "\uF37C": -892,
        "\uF37D": -893,
        "\uF37E": -894,
        "\uF37F": -895,
        "\uF380": -896,
        "\uF381": -897,
        "\uF382": -898,
        "\uF383": -899,
        "\uF384": -900,
        "\uF385": -901,
        "\uF386": -902,
        "\uF387": -903,
        "\uF388": -904,
        "\uF389": -905,
        "\uF38A": -906,
        "\uF38B": -907,
        "\uF38C": -908,
        "\uF38D": -909,
        "\uF38E": -910,
        "\uF38F": -911,
        "\uF390": -912,
        "\uF391": -913,
        "\uF392": -914,
        "\uF393": -915,
        "\uF394": -916,
        "\uF395": -917,
        "\uF396": -918,
        "\uF397": -919,
        "\uF398": -920,
        "\uF399": -921,
        "\uF39A": -922,
        "\uF39B": -923,
        "\uF39C": -924,
        "\uF39D": -925,
        "\uF39E": -926,
        "\uF39F": -927,
        "\uF3A0": -928,
        "\uF3A1": -929,
        "\uF3A2": -930,
        "\uF3A3": -931,
        "\uF3A4": -932,
        "\uF3A5": -933,
        "\uF3A6": -934,
        "\uF3A7": -935,
        "\uF3A8": -936,
        "\uF3A9": -937,
        "\uF3AA": -938,
        "\uF3AB": -939,
        "\uF3AC": -940,
        "\uF3AD": -941,
        "\uF3AE": -942,
        "\uF3AF": -943,
        "\uF3B0": -944,
        "\uF3B1": -945,
        "\uF3B2": -946,
        "\uF3B3": -947,
        "\uF3B4": -948,
        "\uF3B5": -949,
        "\uF3B6": -950,
        "\uF3B7": -951,
        "\uF3B8": -952,
        "\uF3B9": -953,
        "\uF3BA": -954,
        "\uF3BB": -955,
        "\uF3BC": -956,
        "\uF3BD": -957,
        "\uF3BE": -958,
        "\uF3BF": -959,
        "\uF3C0": -960,
        "\uF3C1": -961,
        "\uF3C2": -962,
        "\uF3C3": -963,
        "\uF3C4": -964,
        "\uF3C5": -965,
        "\uF3C6": -966,
        "\uF3C7": -967,
        "\uF3C8": -968,
        "\uF3C9": -969,
        "\uF3CA": -970,
        "\uF3CB": -971,
        "\uF3CC": -972,
        "\uF3CD": -973,
        "\uF3CE": -974,
        "\uF3CF": -975,
        "\uF3D0": -976,
        "\uF3D1": -977,
        "\uF3D2": -978,
        "\uF3D3": -979,
        "\uF3D4": -980,
        "\uF3D5": -981,
        "\uF3D6": -982,
        "\uF3D7": -983,
        "\uF3D8": -984,
        "\uF3D9": -985,
        "\uF3DA": -986,
        "\uF3DB": -987,
        "\uF3DC": -988,
        "\uF3DD": -989,
        "\uF3DE": -990,
        "\uF3DF": -991,
        "\uF3E0": -992,
        "\uF3E1": -993,
        "\uF3E2": -994,
        "\uF3E3": -995,
        "\uF3E4": -996,
        "\uF3E5": -997,
        "\uF3E6": -998,
        "\uF3E7": -999,
        "\uF3E8": -1000,
        "\uF3E9": -1001,
        "\uF3EA": -1002,
        "\uF3EB": -1003,
        "\uF3EC": -1004,
        "\uF3ED": -1005,
        "\uF3EE": -1006,
        "\uF3EF": -1007,
        "\uF3F0": -1008,
        "\uF3F1": -1009,
        "\uF3F2": -1010,
        "\uF3F3": -1011,
        "\uF3F4": -1012,
        "\uF3F5": -1013,
        "\uF3F6": -1014,
        "\uF3F7": -1015,
        "\uF3F8": -1016,
        "\uF3F9": -1017,
        "\uF3FA": -1018,
        "\uF3FB": -1019,
        "\uF3FC": -1020,
        "\uF3FD": -1021,
        "\uF3FE": -1022,
        "\uF3FF": -1023,
        "\uF400": -1024,
        "\uF401": -1025,
        "\uF402": -1026,
        "\uF403": -1027,
        "\uF404": -1028,
        "\uF405": -1029,
        "\uF406": -1030,
        "\uF407": -1031,
        "\uF408": -1032,
        "\uF409": -1033,
        "\uF40A": -1034,
        "\uF40B": -1035,
        "\uF40C": -1036,
        "\uF40D": -1037,
        "\uF40E": -1038,
        "\uF40F": -1039,
        "\uF410": -1040,
        "\uF411": -1041,
        "\uF412": -1042,
        "\uF413": -1043,
        "\uF414": -1044,
        "\uF415": -1045,
        "\uF416": -1046,
        "\uF417": -1047,
        "\uF418": -1048,
        "\uF419": -1049,
        "\uF41A": -1050,
        "\uF41B": -1051,
        "\uF41C": -1052,
        "\uF41D": -1053,
        "\uF41E": -1054,
        "\uF41F": -1055,
        "\uF420": -1056,
        "\uF421": -1057,
        "\uF422": -1058,
        "\uF423": -1059,
        "\uF424": -1060,
        "\uF425": -1061,
        "\uF426": -1062,
        "\uF427": -1063,
        "\uF428": -1064,
        "\uF429": -1065,
        "\uF42A": -1066,
        "\uF42B": -1067,
        "\uF42C": -1068,
        "\uF42D": -1069,
        "\uF42E": -1070,
        "\uF42F": -1071,
        "\uF430": -1072,
        "\uF431": -1073,
        "\uF432": -1074,
        "\uF433": -1075,
        "\uF434": -1076,
        "\uF435": -1077,
        "\uF436": -1078,
        "\uF437": -1079,
        "\uF438": -1080,
        "\uF439": -1081,
        "\uF43A": -1082,
        "\uF43B": -1083,
        "\uF43C": -1084,
        "\uF43D": -1085,
        "\uF43E": -1086,
        "\uF43F": -1087,
        "\uF440": -1088,
        "\uF441": -1089,
        "\uF442": -1090,
        "\uF443": -1091,
        "\uF444": -1092,
        "\uF445": -1093,
        "\uF446": -1094,
        "\uF447": -1095,
        "\uF448": -1096,
        "\uF449": -1097,
        "\uF44A": -1098,
        "\uF44B": -1099,
        "\uF44C": -1100,
        "\uF44D": -1101,
        "\uF44E": -1102,
        "\uF44F": -1103,
        "\uF450": -1104,
        "\uF451": -1105,
        "\uF452": -1106,
        "\uF453": -1107,
        "\uF454": -1108,
        "\uF455": -1109,
        "\uF456": -1110,
        "\uF457": -1111,
        "\uF458": -1112,
        "\uF459": -1113,
        "\uF45A": -1114,
        "\uF45B": -1115,
        "\uF45C": -1116,
        "\uF45D": -1117,
        "\uF45E": -1118,
        "\uF45F": -1119,
        "\uF460": -1120,
        "\uF461": -1121,
        "\uF462": -1122,
        "\uF463": -1123,
        "\uF464": -1124,
        "\uF465": -1125,
        "\uF466": -1126,
        "\uF467": -1127,
        "\uF468": -1128,
        "\uF469": -1129,
        "\uF46A": -1130,
        "\uF46B": -1131,
        "\uF46C": -1132,
        "\uF46D": -1133,
        "\uF46E": -1134,
        "\uF46F": -1135,
        "\uF470": -1136,
        "\uF471": -1137,
        "\uF472": -1138,
        "\uF473": -1139,
        "\uF474": -1140,
        "\uF475": -1141,
        "\uF476": -1142,
        "\uF477": -1143,
        "\uF478": -1144,
        "\uF479": -1145,
        "\uF47A": -1146,
        "\uF47B": -1147,
        "\uF47C": -1148,
        "\uF47D": -1149,
        "\uF47E": -1150,
        "\uF47F": -1151,
        "\uF480": -1152,
        "\uF481": -1153,
        "\uF482": -1154,
        "\uF483": -1155,
        "\uF484": -1156,
        "\uF485": -1157,
        "\uF486": -1158,
        "\uF487": -1159,
        "\uF488": -1160,
        "\uF489": -1161,
        "\uF48A": -1162,
        "\uF48B": -1163,
        "\uF48C": -1164,
        "\uF48D": -1165,
        "\uF48E": -1166,
        "\uF48F": -1167,
        "\uF490": -1168,
        "\uF491": -1169,
        "\uF492": -1170,
        "\uF493": -1171,
        "\uF494": -1172,
        "\uF495": -1173,
        "\uF496": -1174,
        "\uF497": -1175,
        "\uF498": -1176,
        "\uF499": -1177,
        "\uF49A": -1178,
        "\uF49B": -1179,
        "\uF49C": -1180,
        "\uF49D": -1181,
        "\uF49E": -1182,
        "\uF49F": -1183,
        "\uF4A0": -1184,
        "\uF4A1": -1185,
        "\uF4A2": -1186,
        "\uF4A3": -1187,
        "\uF4A4": -1188,
        "\uF4A5": -1189,
        "\uF4A6": -1190,
        "\uF4A7": -1191,
        "\uF4A8": -1192,
        "\uF4A9": -1193,
        "\uF4AA": -1194,
        "\uF4AB": -1195,
        "\uF4AC": -1196,
        "\uF4AD": -1197,
        "\uF4AE": -1198,
        "\uF4AF": -1199,
        "\uF4B0": -1200,
        "\uF4B1": -1201,
        "\uF4B2": -1202,
        "\uF4B3": -1203,
        "\uF4B4": -1204,
        "\uF4B5": -1205,
        "\uF4B6": -1206,
        "\uF4B7": -1207,
        "\uF4B8": -1208,
        "\uF4B9": -1209,
        "\uF4BA": -1210,
        "\uF4BB": -1211,
        "\uF4BC": -1212,
        "\uF4BD": -1213,
        "\uF4BE": -1214,
        "\uF4BF": -1215,
        "\uF4C0": -1216,
        "\uF4C1": -1217,
        "\uF4C2": -1218,
        "\uF4C3": -1219,
        "\uF4C4": -1220,
        "\uF4C5": -1221,
        "\uF4C6": -1222,
        "\uF4C7": -1223,
        "\uF4C8": -1224,
        "\uF4C9": -1225,
        "\uF4CA": -1226,
        "\uF4CB": -1227,
        "\uF4CC": -1228,
        "\uF4CD": -1229,
        "\uF4CE": -1230,
        "\uF4CF": -1231,
        "\uF4D0": -1232,
        "\uF4D1": -1233,
        "\uF4D2": -1234,
        "\uF4D3": -1235,
        "\uF4D4": -1236,
        "\uF4D5": -1237,
        "\uF4D6": -1238,
        "\uF4D7": -1239,
        "\uF4D8": -1240,
        "\uF4D9": -1241,
        "\uF4DA": -1242,
        "\uF4DB": -1243,
        "\uF4DC": -1244,
        "\uF4DD": -1245,
        "\uF4DE": -1246,
        "\uF4DF": -1247,
        "\uF4E0": -1248,
        "\uF4E1": -1249,
        "\uF4E2": -1250,
        "\uF4E3": -1251,
        "\uF4E4": -1252,
        "\uF4E5": -1253,
        "\uF4E6": -1254,
        "\uF4E7": -1255,
        "\uF4E8": -1256,
        "\uF4E9": -1257,
        "\uF4EA": -1258,
        "\uF4EB": -1259,
        "\uF4EC": -1260,
        "\uF4ED": -1261,
        "\uF4EE": -1262,
        "\uF4EF": -1263,
        "\uF4F0": -1264,
        "\uF4F1": -1265,
        "\uF4F2": -1266,
        "\uF4F3": -1267,
        "\uF4F4": -1268,
        "\uF4F5": -1269,
        "\uF4F6": -1270,
        "\uF4F7": -1271,
        "\uF4F8": -1272,
        "\uF4F9": -1273,
        "\uF4FA": -1274,
        "\uF4FB": -1275,
        "\uF4FC": -1276,
        "\uF4FD": -1277,
        "\uF4FE": -1278,
        "\uF4FF": -1279,
        "\uF500": -1280
      }
    }
  ]
}