{"providers":[{"type":"space","advances":{" ":4,"‌":0}},{"type":"bitmap","file":"happyhud:font/font/default/nonlatin_european.png","height":8,"chars":["¡‰­·₴≠¿×ØÞһðøþΑΒ","ΓΔΕΖΗΘΙΚΛΜΝΞΟΠΡΣ","ΤΥΦΧΨΩαβγδεζηθικ","λμνξοπρςστυφχψωЂ","ЅІЈЉЊЋАБВГДЕЖЗИК","ЛМНОПРСТУФХЦЧШЩЪ","ЫЬЭЮЯабвгдежзикл","мнопрстуфхцчшщъы","ьэюяєѕіјљњ–—‘’“”","„…⁊←↑→↓⇄＋ƏəɛɪҮүӨ","өʻˌ;ĸẞß₽€ѢѣѴѵӀѲѳ","⁰¹³⁴⁵⁶⁷⁸⁹⁺⁻⁼⁽⁾ⁱ™","ʔʕ⧈⚔☠ҚқҒғҰұӘәҖҗҢ","ңҺאבגדהוזחטיכלמם","נןסעפףצץקר¢¤¥©®µ","¶¼½¾·‐‚†‡•‱′″‴‵‶","‷‹›※‼‽⁂⁈⁉⁋⁎⁏⁑⁒⁗℗","−∓∞☀☁☈Є☲☵☽♀♂⚥♠♣♥","♦♩♪♫♬♭♮♯⚀⚁⚂⚃⚄⚅ʬ⚡","⛏✔❄❌❤⭐⸘⸮⸵⸸⹁⹋⥝ᘔƐ߈","ϛㄥⱯᗺƆᗡƎℲ⅁ꞰꞀԀꝹᴚ⟘∩","Ʌ⅄ɐɔǝɟᵷɥᴉɾʞꞁɯɹʇʌ","ʍʎԱԲԳԴԶԷԹԺԻԼԽԾԿՀ","ՁՂՃՄՅՆՇՈՉՋՌՍՎՏՐՑ","ՒՓՔՕՖՙաբգդեզէըթժ","իլխծկհձղճմյնշոչպ","ջռսվտրցւփքօֆևשתԸ","՚՛՜՝՞՟ՠֈ֏¯ſƷʒǷƿȜ","ȝȤȥ˙Ꝛꝛ‑⅋⏏⏩⏪⏭⏮⏯⏴⏵","⏶⏷⏸⏹⏺⏻⏼⏽⭘▲▶▼◀●◦◘","⚓⛨ĲĳǉꜨꜩꜹꜻﬀﬁﬂﬃﬅ�Ե","Պᚠᚢᚣᚤᚥᚦᚧᚨᚩᚪᚫᚬᚭᚮᚯ","ᚰᚱᚲᚳᚴᚶᚷᚸᚹᚺᚻᚼᚽᚾᚿᛀ","ᛁᛂᛃᛄᛅᛆᛇᛈᛉᛊᛋᛌᛍᛎᛏᛐ","ᛑᛒᛓᛔᛕᛖᛗᛘᛙᛚᛛᛜᛝᛞᛟᛠ","ᛡᛢᛣᛤᛥᛦᛧᛨᛩᛪ᛫᛬᛭ᛮᛯᛰ","ᛱᛲᛳᛴᛵᛶᛷᛸ☺☻¦☹ך׳״װ","ױײ־׃׆´¨ᴀʙᴄᴅᴇꜰɢʜᴊ","ᴋʟᴍɴᴏᴘꞯʀꜱᴛᴜᴠᴡʏᴢ§","ɱɳɲʈɖɡʡɕʑɸʝʢɻʁɦʋ","ɰɬɮʘǀǃǂǁɓɗᶑʄɠʛɧɫ","ɨʉʊɘɵɤɜɞɑɒɚɝƁƉƑƩ","ƲႠႡႢႣႤႥႦႧႨႩႪႫႬႭႮ","ႯႰႱႲႳႴႵႶႷႸႹႺႻႼႽႾ","ႿჀჁჂჃჄჅჇჍაბგდევზ","თიკლმნოპჟრსტუფქღ","ყშჩცძწჭხჯჰჱჲჳჴჵჶ","ჷჸჹჺ჻ჼჽჾჿתּשׂפֿפּכּײַיִ","וֹוּבֿבּꜧꜦɺⱱʠʗʖɭɷɿʅʆ","ʓʚ₪₾֊ⴀⴁⴂⴃⴄⴅⴆⴡⴇⴈⴉ","ⴊⴋⴌⴢⴍⴎⴏⴐⴑⴒⴣⴓⴔⴕⴖⴗ","ⴘⴙⴚⴛⴜⴝⴞⴤⴟⴠⴥ⅛⅜⅝⅞⅓","⅔✉☂☔☄⛄☃⌛⌚⚐✎❣♤♧♡♢","⛈☰☱☳☴☶☷↔⇒⇏⇔⇵∀∃∄∉","∋∌⊂⊃⊄⊅∧∨⊻⊼⊽∥≢⋆∑⊤","⊥⊢⊨≔∁∴∵∛∜∂⋃⊆⊇□△▷","▽◁◆◇○◎☆★✘₀₁₂₃₄₅₆","₇₈₉₊₋₌₍₎∫∮∝⌀⌂⌘〒ɼ","ƄƅẟȽƚƛȠƞƟƧƨƪƸƹƻƼ","ƽƾȡȴȵȶȺⱥȻȼɆɇȾⱦɁɂ","ɃɄɈɉɊɋɌɍɎɏẜẝỼỽỾỿ","Ꞩꞩ𐌰𐌱𐌲𐌳𐌴𐌵𐌶𐌷𐌸𐌹𐌺𐌻𐌼𐌽","𐌾𐌿𐍀𐍁𐍂𐍃𐍄𐍅𐍆𐍇𐍈𐍉𐍊🌧🔥🌊","⅐⅑⅕⅖⅗⅙⅚⅟↉🗡🏹🪓🔱🎣🧪⚗","⯪⯫Ɑ🛡✂🍖🪣🔔⏳⚑₠₡₢₣₤₥","₦₩₫₭₮₰₱₲₳₵₶₷₸₹₺₻","₼₿\u0000\u0000\u0000\u0000\u0000\u0000\u0000\u0000\u0000\u0000\u0000\u0000\u0000\u0000"],"ascent":-199500},{"type":"bitmap","file":"happyhud:font/font/default/accented.png","height":12,"chars":["ÀÁÂÃÄÅÆÇÈÉÊËÌÍÎÏ","ÐÑÒÓÔÕÖÙÚÛÜÝàáâã","äåæçìíîïñòóôõöùú","ûüýÿĀāĂăĄąĆćĈĉĊċ","ČčĎďĐđĒēĔĕĖėĘęĚě","ĜĝḠḡĞğĠġĢģĤĥĦħĨĩ","ĪīĬĭĮįİıĴĵĶķĹĺĻļ","ĽľĿŀŁłŃńŅņŇňŊŋŌō","ŎŏŐőŒœŔŕŖŗŘřŚśŜŝ","ŞşŠšŢţŤťŦŧŨũŪūŬŭ","ŮůŰűŲųŴŵŶŷŸŹźŻżŽ","žǼǽǾǿȘșȚțΆΈΉΊΌΎΏ","ΐΪΫάέήίΰϊϋόύώЀЁЃ","ЇЌЍЎЙйѐёђѓїћќѝўџ","ҐґḂḃḊḋḞḟḢḣḰḱṀṁṖṗ","ṠṡṪṫẀẁẂẃẄẅỲỳèéêë","ŉǧǫЏḍḥṛṭẒỊịỌọỤụ№","ȇƔɣʃ⁇ǱǲǳǄǅǆǇǈǊǋǌ","ℹᵫꜲꜳꜴꜵꜶꜷꜸꜺꜼꜽꝎꝏꝠꝡ","ﬄﬆᚡᚵƠơƯưẮắẤấẾếốỚ","ớỨứẰằẦầỀềồỜờỪừẢả","ẲẳẨẩẺẻổỞỂểỈỉỎỏỔở","ỦủỬửỶỷẠạẶặẬậẸẹỆệ","ỘộỢợỰựỴỵỐƕẪẫỖỗữ☞","☜☮ẴẵẼẽỄễỒỠỡỮỸỹҘҙ","ҠҡҪҫǶ⚠⓪①②③④⑤⑥⑦⑧⑨","⑩⑪⑫⑬⑭⑮⑯⑰⑱⑲⑳ⒶⒷⒸⒹⒺ","ⒻⒼⒽⒾⒿⓀⓁⓂⓃⓄⓅⓆⓇⓈⓉⓊ","ⓋⓌⓍⓎⓏⓐⓑⓒⓓⓔⓕⓖⓗⓘⓙⓚ","ⓛⓜⓝⓞⓟⓠⓡⓢⓣⓤⓥⓦⓧⓨⓩ̧","ʂʐɶǍǎǞǟǺǻȂȃȦȧǠǡḀ","ḁȀȁḆḇḄḅᵬḈḉḐḑḒḓḎḏ","ḌᵭḔḕḖḗḘḙḜḝȨȩḚḛȄȅ","ȆᵮǴǵǦḦḧḨḩḪḫȞȟḤẖḮ","ḯȊȋǏǐȈȉḬḭǰȷǨǩḲḳḴ","ḵḺḻḼḽḶḷḸḹⱢḾḿṂṃᵯṄ","ṅṆṇṊṋǸǹṈṉᵰǬǭȬȭṌṍ","ṎṏṐṑṒṓȎȏȪȫǑǒȮȯȰȱ","ȌȍǪṔṕᵱȒȓṘṙṜṝṞṟȐȑ","ṚᵳᵲṤṥṦṧṢṣṨṩᵴṰṱṮṯ","ṬẗᵵṲṳṶṷṸṹṺṻǓǔǕǖǗ","ǘǙǚǛǜṴṵȔȕȖṾṿṼṽẆẇ","ẈẉẘẌẍẊẋȲȳẎẏẙẔẕẐẑ","ẓᵶǮǯẛꜾꜿǢǣᵺỻᴂᴔꭣȸʣ","ʥʤʩʪʫȹʨʦʧꭐꭑ₧Ỻאַאָƀ","ƂƃƇƈƊƋƌƓǤǥƗƖɩƘƙƝ","ƤƥɽƦƬƭƫƮȗƱƜƳƴƵƶƢ","ƣȢȣʭʮʯﬔﬕﬗﬖﬓӐӑӒӓӶ","ӷҔҕӖӗҼҽҾҿӚӛӜӝӁӂӞ","ӟӢӣӤӥӦӧӪӫӰӱӮӯӲӳӴ","ӵӸӹӬӭѶѷӔӺԂꚂꚀꚈԪԬꚄ","ԄԐӠԆҊӃҞҜԞԚӅԮԒԠԈԔ","ӍӉԨӇҤԢԊҨԤҦҎԖԌꚐҬꚊ","ꚌԎҲӼӾԦꚔҴꚎҶӋҸꚒꚖꚆҌ","ԘԜӕӻԃꚃꚁꚉԫԭꚅԅԑӡԇҋ","ӄҟҝԟԛӆԯԓԡԉԕӎӊԩӈҥ","ԣԋҩԥҧҏԗԍꚑҭꚋꚍԏҳӽӿ","ԧꚕҵꚏҷӌҹꚓꚗꚇҍԙԝἈἀἉ","ἁἊἂἋἃἌἄἍἅἎἆἏἇᾺὰᾸ","ᾰᾹᾱΆάᾈᾀᾉᾁᾊᾂᾋᾃᾌᾄᾍ","ᾅᾎᾆᾏᾇᾼᾴᾶᾷᾲᾳἘἐἙἑἚ","ἒἛἓἜἔἝἕῈΈὲέἨἠῊὴἩ","ἡἪἢἫἣἬἤἭἥἮἦἯἧᾘᾐᾙ","ᾑᾚᾒᾛᾓᾜᾔᾝᾕᾞᾖᾟᾗΉήῌ","ῃῂῄῆῇῚὶΊίἸἰἹἱἺἲἻ","ἳἼἴἽἵἾἶἿἷῘῐῙῑῒΐῖ","ῗῸὸΌόὈὀὉὁὊὂὋὃὌὄὍ","ὅῬῤῥῪὺΎύὙὑὛὓὝὕὟὗ","ῨῠῩῡϓϔῢΰῧὐὒὔῦὖῺὼ","ΏώὨὠὩὡὪὢὫὣὬὤὭὥὮὦ","Ὧὧᾨᾠᾩᾡᾪᾢᾫᾣᾬᾤᾭᾥᾮᾦ","ᾯᾧῼῳῲῴῶῷ☯☐☑☒ƍƺⱾȿ","ⱿɀᶀꟄꞔᶁᶂᶃꞕᶄᶅᶆᶇᶈᶉᶊ","ᶋᶌᶍꟆᶎᶏᶐᶒᶓᶔᶕᶖᶗᶘᶙᶚ","ẚ⅒⅘₨₯\u0000\u0000\u0000\u0000\u0000\u0000\u0000\u0000\u0000\u0000\u0000"],"ascent":-200500},{"type":"bitmap","file":"happyhud:font/font/default/ascii.png","height":8,"chars":["\u0000\u0000\u0000\u0000\u0000\u0000\u0000\u0000\u0000\u0000\u0000\u0000\u0000\u0000\u0000\u0000","\u0000\u0000\u0000\u0000\u0000\u0000\u0000\u0000\u0000\u0000\u0000\u0000\u0000\u0000\u0000\u0000"," !\"#$%\u0026\u0027()*+,-./","0123456789:;\u003c\u003d\u003e?","@ABCDEFGHIJKLMNO","PQRSTUVWXYZ[\\]^_","`abcdefghijklmno","pqrstuvwxyz{|}~\u0000","\u0000\u0000\u0000\u0000\u0000\u0000\u0000\u0000\u0000\u0000\u0000\u0000\u0000\u0000\u0000\u0000","\u0000\u0000\u0000\u0000\u0000\u0000\u0000\u0000\u0000\u0000\u0000\u0000£\u0000\u0000ƒ","\u0000\u0000\u0000\u0000\u0000\u0000ªº\u0000\u0000¬\u0000\u0000\u0000«»","░▒▓│┤╡╢╖╕╣║╗╝╜╛┐","└┴┬├─┼╞╟╚╔╩╦╠═╬╧","╨╤╥╙╘╒╓╫╪┘┌█▄▌▐▀","\u0000\u0000\u0000\u0000\u0000\u0000\u0000\u0000\u0000\u0000\u0000\u0000\u0000∅∈\u0000","≡±≥≤⌠⌡÷≈°∙\u0000√ⁿ²■\u0000"],"ascent":-199500}]}