{
    "parent": "minecraft:item/handheld",
    "textures": {
        "layer0": "tickmc:item/weapons/bow_of_waves"
    },
    "overrides": [
        {
            "predicate": {
                "pulling": 1
            },
            "model": "tickmc:item/weapons/bow_of_waves_pulling_0"
        },
        {
            "predicate": {
                "pulling": 1,
                "pull": 0.65
            },
            "model": "tickmc:item/weapons/bow_of_waves_pulling_0"
        },
        {
            "predicate": {
                "pulling": 1,
                "pull": 0.9
            },
            "model": "tickmc:item/weapons/bow_of_waves_pulling_0"
        }
    ]
}
