{
    "providers": [
        { "chars": ["e"], "file": "tickmc:elements/element_earth.png", "ascent": 7, "height": 7, "type": "bitmap" },
        { "chars": ["n"], "file": "tickmc:elements/element_ender.png", "ascent": 7, "height": 7, "type": "bitmap" },
        { "chars": ["f"], "file": "tickmc:elements/element_fire.png", "ascent": 7, "height": 7, "type": "bitmap" },
        { "chars": ["i"], "file": "tickmc:elements/element_ice.png", "ascent": 7, "height": 7, "type": "bitmap" },
        { "chars": ["l"], "file": "tickmc:elements/element_light.png", "ascent": 7, "height": 7, "type": "bitmap" },
        { "chars": ["p"], "file": "tickmc:elements/element_physical.png", "ascent": 7, "height": 7, "type": "bitmap" },
        { "chars": ["s"], "file": "tickmc:elements/element_shadow.png", "ascent": 7, "height": 7, "type": "bitmap" },
        { "chars": ["w"], "file": "tickmc:elements/element_water.png", "ascent": 7, "height": 7, "type": "bitmap" },
        { "chars": ["d"], "file": "tickmc:elements/element_wind.png", "ascent": 7, "height": 7, "type": "bitmap" },
        { "chars": ["t"], "file": "tickmc:elements/element_thunder.png", "ascent": 7, "height": 7, "type": "bitmap" }
    ]
}
