{
    "providers": [
        {"chars": ["0"], "file": "tickmc:misc/null.png", "ascent": -32768, "height": -3, "type": "bitmap"},
        {"chars": ["1"], "file": "tickmc:misc/null.png", "ascent": -32768, "height": -4, "type": "bitmap"},
        {"chars": ["2"], "file": "tickmc:misc/null.png", "ascent": -32768, "height": -6, "type": "bitmap"},
        {"chars": ["3"], "file": "tickmc:misc/null.png", "ascent": -32768, "height": -10, "type": "bitmap"},
        {"chars": ["4"], "file": "tickmc:misc/null.png", "ascent": -32768, "height": -18, "type": "bitmap"},
        {"chars": ["5"], "file": "tickmc:misc/null.png", "ascent": -32768, "height": -34, "type": "bitmap"},
        {"chars": ["6"], "file": "tickmc:misc/null.png", "ascent": -32768, "height": -66, "type": "bitmap"},
        {"chars": ["7"], "file": "tickmc:misc/null.png", "ascent": -32768, "height": -130, "type": "bitmap"},
        {"chars": ["8"], "file": "tickmc:misc/null.png", "ascent": -32768, "height": -258, "type": "bitmap"},
        {"chars": ["9"], "file": "tickmc:misc/null.png", "ascent": -32768, "height": -514, "type": "bitmap"}
    ]
}