{
    "providers": [
        {"chars": ["3"], "file": "icons/tickmc.png", "ascent": 32, "height": 32, "type": "bitmap"},
        {"chars": ["t"], "file": "icons/tickmc.png", "ascent": 64, "height": 64, "type": "bitmap"},
        {"chars": ["$"], "file": "icons/coin.png", "ascent": 7, "height": 7, "type": "bitmap"},

        {"chars": ["1"], "file": "icons/red_bow.png", "ascent": 7, "height": 7, "type": "bitmap"},
        {"chars": ["2"], "file": "icons/red_material.png", "ascent": 7, "height": 7, "type": "bitmap"},
        {"chars": ["3"], "file": "icons/red_question.png", "ascent": 7, "height": 7, "type": "bitmap"},
        {"chars": ["4"], "file": "icons/red_redstone.png", "ascent": 7, "height": 7, "type": "bitmap"},
        {"chars": ["5"], "file": "icons/red_skull.png", "ascent": 7, "height": 7, "type": "bitmap"},
        {"chars": ["6"], "file": "icons/red_star.png", "ascent": 7, "height": 7, "type": "bitmap"},
        {"chars": ["7"], "file": "icons/red_sword.png", "ascent": 7, "height": 7, "type": "bitmap"}
    ]
}