{"providers":[{"type":"bitmap","file":"happyhud:font/assets/death-message/outline.png","height":12,"ascent":-190500,"chars":[""]},{"type":"bitmap","file":"happyhud:font/assets/death-message/icon.png","height":16,"ascent":-195500,"chars":[""]},{"type":"bitmap","file":"happyhud:font/assets/death-message/outline.png","height":12,"ascent":-196500,"chars":[""]},{"type":"bitmap","file":"happyhud:font/assets/death-message/icon.png","height":16,"ascent":-201500,"chars":[""]},{"type":"bitmap","file":"happyhud:font/assets/death-message/outline.png","height":12,"ascent":-202500,"chars":[""]},{"type":"bitmap","file":"happyhud:font/assets/death-message/icon.png","height":16,"ascent":-207500,"chars":[""]},{"type":"bitmap","file":"happyhud:font/assets/death-message/outline.png","height":12,"ascent":-208500,"chars":[""]},{"type":"bitmap","file":"happyhud:font/assets/death-message/icon.png","height":16,"ascent":-213500,"chars":[""]},{"type":"bitmap","file":"happyhud:font/assets/death-message/outline.png","height":12,"ascent":-214500,"chars":[""]},{"type":"bitmap","file":"happyhud:font/assets/death-message/icon.png","height":16,"ascent":-219500,"chars":[""]}]}