{
    "sources": [
        {
            "type": "directory",
            "source": "entity",
            "prefix": "entity/"
        },
        { "type": "directory", "source": "item", "prefix": "item/" },
        { "type": "directory", "source": "tickmc", "prefix": "tickmc/" },
        { "type": "directory", "source": "vfx", "prefix": "vfx/" },
        { "type": "directory", "source": "icons", "prefix": "icons/" },
        { "type": "directory", "source": "material", "prefix": "material/" },
        { "type": "directory", "source": "misc", "prefix": "misc/" },
        { "type": "directory", "source": "gui", "prefix": "gui/" }
    ]
}
