{
    "parent": "minecraft:item/generated",
    "textures": {
        "layer0": "minecraft:item/netherite_scrap"
    },
    "overrides": [
        { "predicate": { "custom_model_data": 1 }, "model": "tickmc:item/vfx/fireslash1_0" },
        { "predicate": { "custom_model_data": 2 }, "model": "tickmc:item/vfx/fireslash1_1" },
        { "predicate": { "custom_model_data": 3 }, "model": "tickmc:item/vfx/fireslash1_2" },
        { "predicate": { "custom_model_data": 4 }, "model": "tickmc:item/vfx/fireslash1_3" },
        { "predicate": { "custom_model_data": 5 }, "model": "tickmc:item/vfx/fireslash1_4" },
        { "predicate": { "custom_model_data": 6 }, "model": "tickmc:item/vfx/fireslash1_5" }
    ]
}
