{"providers":[{"type":"bitmap","file":"happyhud:font/assets/vanilla/exp_bar_short_outline.png","height":5,"ascent":-100500,"chars":[""]},{"type":"bitmap","file":"happyhud:font/assets/vanilla/exp_bar_short_fill/horizontal/13/1.png","height":5,"ascent":-101500,"chars":[""]},{"type":"bitmap","file":"happyhud:font/assets/vanilla/exp_bar_short_fill/horizontal/13/2.png","height":5,"ascent":-101500,"chars":[""]},{"type":"bitmap","file":"happyhud:font/assets/vanilla/exp_bar_short_fill/horizontal/13/3.png","height":5,"ascent":-101500,"chars":[""]},{"type":"bitmap","file":"happyhud:font/assets/vanilla/exp_bar_short_fill/horizontal/13/4.png","height":5,"ascent":-101500,"chars":[""]},{"type":"bitmap","file":"happyhud:font/assets/vanilla/exp_bar_short_fill/horizontal/13/5.png","height":5,"ascent":-101500,"chars":[""]},{"type":"bitmap","file":"happyhud:font/assets/vanilla/exp_bar_short_fill/horizontal/13/6.png","height":5,"ascent":-101500,"chars":[""]},{"type":"bitmap","file":"happyhud:font/assets/vanilla/exp_bar_short_fill/horizontal/13/7.png","height":5,"ascent":-101500,"chars":[""]},{"type":"bitmap","file":"happyhud:font/assets/vanilla/exp_bar_short_fill/horizontal/13/8.png","height":5,"ascent":-101500,"chars":[""]},{"type":"bitmap","file":"happyhud:font/assets/vanilla/exp_bar_short_fill/horizontal/13/9.png","height":5,"ascent":-101500,"chars":[""]},{"type":"bitmap","file":"happyhud:font/assets/vanilla/exp_bar_short_fill/horizontal/13/10.png","height":5,"ascent":-101500,"chars":[""]},{"type":"bitmap","file":"happyhud:font/assets/vanilla/exp_bar_short_fill/horizontal/13/11.png","height":5,"ascent":-101500,"chars":[""]},{"type":"bitmap","file":"happyhud:font/assets/vanilla/exp_bar_short_fill/horizontal/13/12.png","height":5,"ascent":-101500,"chars":[""]},{"type":"bitmap","file":"happyhud:font/assets/vanilla/exp_bar_short_fill/horizontal/13/13.png","height":5,"ascent":-101500,"chars":[""]},{"type":"bitmap","file":"happyhud:font/assets/vanilla/air.png","height":9,"ascent":-102500,"chars":[""]},{"type":"bitmap","file":"happyhud:font/assets/vanilla/exp_bar_short_outline.png","height":5,"ascent":-103500,"chars":[""]},{"type":"bitmap","file":"happyhud:font/assets/vanilla/exp_bar_short_fill/horizontal/13/1.png","height":5,"ascent":-104500,"chars":[""]},{"type":"bitmap","file":"happyhud:font/assets/vanilla/exp_bar_short_fill/horizontal/13/2.png","height":5,"ascent":-104500,"chars":[""]},{"type":"bitmap","file":"happyhud:font/assets/vanilla/exp_bar_short_fill/horizontal/13/3.png","height":5,"ascent":-104500,"chars":[""]},{"type":"bitmap","file":"happyhud:font/assets/vanilla/exp_bar_short_fill/horizontal/13/4.png","height":5,"ascent":-104500,"chars":[""]},{"type":"bitmap","file":"happyhud:font/assets/vanilla/exp_bar_short_fill/horizontal/13/5.png","height":5,"ascent":-104500,"chars":[""]},{"type":"bitmap","file":"happyhud:font/assets/vanilla/exp_bar_short_fill/horizontal/13/6.png","height":5,"ascent":-104500,"chars":[""]},{"type":"bitmap","file":"happyhud:font/assets/vanilla/exp_bar_short_fill/horizontal/13/7.png","height":5,"ascent":-104500,"chars":[""]},{"type":"bitmap","file":"happyhud:font/assets/vanilla/exp_bar_short_fill/horizontal/13/8.png","height":5,"ascent":-104500,"chars":[""]},{"type":"bitmap","file":"happyhud:font/assets/vanilla/exp_bar_short_fill/horizontal/13/9.png","height":5,"ascent":-104500,"chars":[""]},{"type":"bitmap","file":"happyhud:font/assets/vanilla/exp_bar_short_fill/horizontal/13/10.png","height":5,"ascent":-104500,"chars":[""]},{"type":"bitmap","file":"happyhud:font/assets/vanilla/exp_bar_short_fill/horizontal/13/11.png","height":5,"ascent":-104500,"chars":[""]},{"type":"bitmap","file":"happyhud:font/assets/vanilla/exp_bar_short_fill/horizontal/13/12.png","height":5,"ascent":-104500,"chars":[""]},{"type":"bitmap","file":"happyhud:font/assets/vanilla/exp_bar_short_fill/horizontal/13/13.png","height":5,"ascent":-104500,"chars":[""]},{"type":"bitmap","file":"happyhud:font/assets/vanilla/armor.png","height":9,"ascent":-105500,"chars":[""]},{"type":"bitmap","file":"happyhud:font/assets/vanilla/exp_bar_short_outline.png","height":5,"ascent":-106500,"chars":[""]},{"type":"bitmap","file":"happyhud:font/assets/vanilla/exp_bar_short_fill/horizontal/13/1.png","height":5,"ascent":-107500,"chars":[""]},{"type":"bitmap","file":"happyhud:font/assets/vanilla/exp_bar_short_fill/horizontal/13/2.png","height":5,"ascent":-107500,"chars":[""]},{"type":"bitmap","file":"happyhud:font/assets/vanilla/exp_bar_short_fill/horizontal/13/3.png","height":5,"ascent":-107500,"chars":[""]},{"type":"bitmap","file":"happyhud:font/assets/vanilla/exp_bar_short_fill/horizontal/13/4.png","height":5,"ascent":-107500,"chars":[""]},{"type":"bitmap","file":"happyhud:font/assets/vanilla/exp_bar_short_fill/horizontal/13/5.png","height":5,"ascent":-107500,"chars":[""]},{"type":"bitmap","file":"happyhud:font/assets/vanilla/exp_bar_short_fill/horizontal/13/6.png","height":5,"ascent":-107500,"chars":[""]},{"type":"bitmap","file":"happyhud:font/assets/vanilla/exp_bar_short_fill/horizontal/13/7.png","height":5,"ascent":-107500,"chars":[""]},{"type":"bitmap","file":"happyhud:font/assets/vanilla/exp_bar_short_fill/horizontal/13/8.png","height":5,"ascent":-107500,"chars":[""]},{"type":"bitmap","file":"happyhud:font/assets/vanilla/exp_bar_short_fill/horizontal/13/9.png","height":5,"ascent":-107500,"chars":[""]},{"type":"bitmap","file":"happyhud:font/assets/vanilla/exp_bar_short_fill/horizontal/13/10.png","height":5,"ascent":-107500,"chars":[""]},{"type":"bitmap","file":"happyhud:font/assets/vanilla/exp_bar_short_fill/horizontal/13/11.png","height":5,"ascent":-107500,"chars":[""]},{"type":"bitmap","file":"happyhud:font/assets/vanilla/exp_bar_short_fill/horizontal/13/12.png","height":5,"ascent":-107500,"chars":[""]},{"type":"bitmap","file":"happyhud:font/assets/vanilla/exp_bar_short_fill/horizontal/13/13.png","height":5,"ascent":-107500,"chars":[""]},{"type":"bitmap","file":"happyhud:font/assets/vanilla/food.png","height":9,"ascent":-108500,"chars":[""]},{"type":"bitmap","file":"happyhud:font/assets/vanilla/exp_bar_short_outline.png","height":5,"ascent":-109500,"chars":[""]},{"type":"bitmap","file":"happyhud:font/assets/vanilla/exp_bar_short_fill/horizontal/13/1.png","height":5,"ascent":-110500,"chars":[""]},{"type":"bitmap","file":"happyhud:font/assets/vanilla/exp_bar_short_fill/horizontal/13/2.png","height":5,"ascent":-110500,"chars":[""]},{"type":"bitmap","file":"happyhud:font/assets/vanilla/exp_bar_short_fill/horizontal/13/3.png","height":5,"ascent":-110500,"chars":[""]},{"type":"bitmap","file":"happyhud:font/assets/vanilla/exp_bar_short_fill/horizontal/13/4.png","height":5,"ascent":-110500,"chars":[""]},{"type":"bitmap","file":"happyhud:font/assets/vanilla/exp_bar_short_fill/horizontal/13/5.png","height":5,"ascent":-110500,"chars":[""]},{"type":"bitmap","file":"happyhud:font/assets/vanilla/exp_bar_short_fill/horizontal/13/6.png","height":5,"ascent":-110500,"chars":[""]},{"type":"bitmap","file":"happyhud:font/assets/vanilla/exp_bar_short_fill/horizontal/13/7.png","height":5,"ascent":-110500,"chars":[""]},{"type":"bitmap","file":"happyhud:font/assets/vanilla/exp_bar_short_fill/horizontal/13/8.png","height":5,"ascent":-110500,"chars":[""]},{"type":"bitmap","file":"happyhud:font/assets/vanilla/exp_bar_short_fill/horizontal/13/9.png","height":5,"ascent":-110500,"chars":[""]},{"type":"bitmap","file":"happyhud:font/assets/vanilla/exp_bar_short_fill/horizontal/13/10.png","height":5,"ascent":-110500,"chars":[""]},{"type":"bitmap","file":"happyhud:font/assets/vanilla/exp_bar_short_fill/horizontal/13/11.png","height":5,"ascent":-110500,"chars":[""]},{"type":"bitmap","file":"happyhud:font/assets/vanilla/exp_bar_short_fill/horizontal/13/12.png","height":5,"ascent":-110500,"chars":[""]},{"type":"bitmap","file":"happyhud:font/assets/vanilla/exp_bar_short_fill/horizontal/13/13.png","height":5,"ascent":-110500,"chars":[""]},{"type":"bitmap","file":"happyhud:font/assets/vanilla/heart.png","height":9,"ascent":-111500,"chars":[""]}]}